,GAME_ID,EVENTNUM,EVENTMSGTYPE,EVENTMSGACTIONTYPE,PERIOD,WCTIMESTRING,PCTIMESTRING,HOMEDESCRIPTION,NEUTRALDESCRIPTION,VISITORDESCRIPTION,SCORE,SCOREMARGIN,PERSON1TYPE,PLAYER1_ID,PLAYER1_NAME,PLAYER1_TEAM_ID,PLAYER1_TEAM_CITY,PLAYER1_TEAM_NICKNAME,PLAYER1_TEAM_ABBREVIATION,PERSON2TYPE,PLAYER2_ID,PLAYER2_NAME,PLAYER2_TEAM_ID,PLAYER2_TEAM_CITY,PLAYER2_TEAM_NICKNAME,PLAYER2_TEAM_ABBREVIATION,PERSON3TYPE,PLAYER3_ID,PLAYER3_NAME,PLAYER3_TEAM_ID,PLAYER3_TEAM_CITY,PLAYER3_TEAM_NICKNAME,PLAYER3_TEAM_ABBREVIATION,VIDEO_AVAILABLE_FLAG
0,0042400403,2,12,0,1,8:39 PM,12:00,,Start of 1st Period (8:39 PM EST),,,,0,0,,,,,,0,0,,,,,,0,0,,,,,,0
1,0042400403,4,10,0,1,8:39 PM,12:00,Jump Ball Turner vs. Holmgren: Tip to Wallace,,,,,4,1626167,Myles Turner,1610612754.0,Indiana,Pacers,IND,5,1631096,Chet Holmgren,1610612760.0,Oklahoma City,Thunder,OKC,5,1641717,Cason Wallace,1610612760.0,Oklahoma City,Thunder,OKC,1
2,0042400403,7,6,4,1,8:39 PM,11:52,,,Gilgeous-Alexander OFF.Foul (P1) (J.Capers),,,5,1628983,Shai Gilgeous-Alexander,1610612760.0,Oklahoma City,Thunder,OKC,4,1629614,Andrew Nembhard,1610612754.0,Indiana,Pacers,IND,1,0,,,,,,1
3,0042400403,9,5,37,1,8:39 PM,11:52,,,Gilgeous-Alexander Offensive Foul Turnover (P1.T1),,,5,1628983,Shai Gilgeous-Alexander,1610612760.0,Oklahoma City,Thunder,OKC,0,0,,,,,,1,0,,,,,,1
4,0042400403,10,6,1,1,8:39 PM,11:39,,,Dort P.FOUL (P1.T1) (T.Brothers),,,5,1629652,Luguentz Dort,1610612760.0,Oklahoma City,Thunder,OKC,4,1627783,Pascal Siakam,1610612754.0,Indiana,Pacers,IND,1,0,,,,,,1
5,0042400403,12,2,1,1,8:40 PM,11:30,MISS Nembhard 3PT Jump Shot,,Wallace BLOCK (1 BLK),,,4,1629614,Andrew Nembhard,1610612754.0,Indiana,Pacers,IND,0,0,,,,,,5,1641717,Cason Wallace,1610612760.0,Oklahoma City,Thunder,OKC,1
6,0042400403,14,4,0,1,8:40 PM,11:25,,,Gilgeous-Alexander REBOUND (Off:0 Def:1),,,5,1628983,Shai Gilgeous-Alexander,1610612760.0,Oklahoma City,Thunder,OKC,0,0,,,,,,0,0,,,,,,1
7,0042400403,15,2,102,1,8:40 PM,11:17,,,MISS Gilgeous-Alexander 7' Driving Floating Bank Jump Shot,,,5,1628983,Shai Gilgeous-Alexander,1610612760.0,Oklahoma City,Thunder,OKC,0,0,,,,,,0,0,,,,,,1
8,0042400403,16,4,0,1,8:40 PM,11:15,Nesmith REBOUND (Off:0 Def:1),,,,,4,1630174,Aaron Nesmith,1610612754.0,Indiana,Pacers,IND,0,0,,,,,,0,0,,,,,,1
9,0042400403,17,2,71,1,8:40 PM,11:05,MISS Turner 6' Finger Roll Layup,,,,,4,1626167,Myles Turner,1610612754.0,Indiana,Pacers,IND,0,0,,,,,,0,0,,,,,,1
10,0042400403,18,4,0,1,8:40 PM,11:02,,,Holmgren REBOUND (Off:0 Def:1),,,5,1631096,Chet Holmgren,1610612760.0,Oklahoma City,Thunder,OKC,0,0,,,,,,0,0,,,,,,1
11,0042400403,19,1,58,1,8:40 PM,10:56,,,Holmgren 4' Turnaround Hook Shot (2 PTS),2 - 0,-2,5,1631096,Chet Holmgren,1610612760.0,Oklahoma City,Thunder,OKC,0,0,,,,,,0,0,,,,,,1
12,0042400403,20,5,2,1,8:40 PM,10:49,Nembhard Lost Ball Turnover (P1.T1),,Wallace STEAL (1 STL),,,4,1629614,Andrew Nembhard,1610612754.0,Indiana,Pacers,IND,5,1641717,Cason Wallace,1610612760.0,Oklahoma City,Thunder,OKC,0,0,,,,,,1
13,0042400403,22,2,50,1,8:40 PM,10:45,Turner BLOCK (1 BLK),,MISS Wallace 5' Running Dunk,,,5,1641717,Cason Wallace,1610612760.0,Oklahoma City,Thunder,OKC,0,0,,,,,,4,1626167,Myles Turner,1610612754.0,Indiana,Pacers,IND,1
14,0042400403,23,4,0,1,8:40 PM,10:42,,,Jal. Williams REBOUND (Off:1 Def:0),,,5,1631114,Jalen Williams,1610612760.0,Oklahoma City,Thunder,OKC,0,0,,,,,,0,0,,,,,,1
15,0042400403,25,1,72,1,8:40 PM,10:42,,,Jal. Williams 3' Putback Layup (2 PTS),4 - 0,-4,5,1631114,Jalen Williams,1610612760.0,Oklahoma City,Thunder,OKC,0,0,,,,,,0,0,,,,,,1
16,0042400403,26,1,85,1,8:41 PM,10:31,Siakam 12' Turnaround Bank Shot (2 PTS),,,4 - 2,-2,4,1627783,Pascal Siakam,1610612754.0,Indiana,Pacers,IND,0,0,,,,,,0,0,,,,,,1
17,0042400403,27,1,79,1,8:41 PM,10:15,,,Jal. Williams 9' Pullup Jump Shot (4 PTS),6 - 2,-4,5,1631114,Jalen Williams,1610612760.0,Oklahoma City,Thunder,OKC,0,0,,,,,,0,0,,,,,,1
18,0042400403,28,1,63,1,8:41 PM,9:59,Siakam 13' Fadeaway Jumper (4 PTS),,,6 - 4,-2,4,1627783,Pascal Siakam,1610612754.0,Indiana,Pacers,IND,0,0,,,,,,0,0,,,,,,1
19,0042400403,29,6,1,1,8:41 PM,9:51,Nesmith P.FOUL (P1.T1) (T.Ford),,,,,4,1630174,Aaron Nesmith,1610612754.0,Indiana,Pacers,IND,5,1631114,Jalen Williams,1610612760.0,Oklahoma City,Thunder,OKC,1,0,,,,,,1
20,0042400403,31,1,108,1,8:42 PM,9:45,,,Holmgren 3' Cutting Dunk Shot (4 PTS) (Jal. Williams 1 AST),8 - 4,-4,5,1631096,Chet Holmgren,1610612760.0,Oklahoma City,Thunder,OKC,5,1631114,Jalen Williams,1610612760.0,Oklahoma City,Thunder,OKC,0,0,,,,,,1
21,0042400403,33,2,86,1,8:42 PM,9:28,MISS Siakam 13' Turnaround Fadeaway Shot,,,,,4,1627783,Pascal Siakam,1610612754.0,Indiana,Pacers,IND,0,0,,,,,,0,0,,,,,,1
22,0042400403,34,4,0,1,8:42 PM,9:25,,,Holmgren REBOUND (Off:0 Def:2),,,5,1631096,Chet Holmgren,1610612760.0,Oklahoma City,Thunder,OKC,0,0,,,,,,0,0,,,,,,1
23,0042400403,35,6,2,1,8:42 PM,9:17,Turner S.FOUL (P1.T2) (T.Brothers),,,,,4,1626167,Myles Turner,1610612754.0,Indiana,Pacers,IND,5,1631096,Chet Holmgren,1610612760.0,Oklahoma City,Thunder,OKC,1,0,,,,,,1
24,0042400403,37,3,11,1,8:43 PM,9:17,,,Holmgren Free Throw 1 of 2 (5 PTS),9 - 4,-5,5,1631096,Chet Holmgren,1610612760.0,Oklahoma City,Thunder,OKC,0,0,,,,,,0,0,,,,,,1
25,0042400403,38,3,12,1,8:43 PM,9:17,,,Holmgren Free Throw 2 of 2 (6 PTS),10 - 4,-6,5,1631096,Chet Holmgren,1610612760.0,Oklahoma City,Thunder,OKC,0,0,,,,,,0,0,,,,,,1
26,0042400403,40,1,86,1,8:44 PM,9:01,Siakam 13' Turnaround Fadeaway (6 PTS),,,10 - 6,-4,4,1627783,Pascal Siakam,1610612754.0,Indiana,Pacers,IND,0,0,,,,,,0,0,,,,,,1
27,0042400403,41,1,1,1,8:44 PM,8:49,,,Dort 3PT Jump Shot (3 PTS) (Wallace 1 AST),13 - 6,-7,5,1629652,Luguentz Dort,1610612760.0,Oklahoma City,Thunder,OKC,5,1641717,Cason Wallace,1610612760.0,Oklahoma City,Thunder,OKC,0,0,,,,,,1
28,0042400403,43,6,4,1,8:44 PM,8:35,Nembhard OFF.Foul (P1) (T.Ford),,,,,4,1629614,Andrew Nembhard,1610612754.0,Indiana,Pacers,IND,5,1629652,Luguentz Dort,1610612760.0,Oklahoma City,Thunder,OKC,1,0,,,,,,1
29,0042400403,45,5,37,1,8:44 PM,8:35,Nembhard Offensive Foul Turnover (P2.T2),,,,,4,1629614,Andrew Nembhard,1610612754.0,Indiana,Pacers,IND,0,0,,,,,,1,0,,,,,,1
30,0042400403,46,2,98,1,8:45 PM,8:16,,,MISS Dort 4' Cutting Layup Shot,,,5,1629652,Luguentz Dort,1610612760.0,Oklahoma City,Thunder,OKC,0,0,,,,,,0,0,,,,,,1
31,0042400403,47,4,0,1,8:45 PM,8:14,Turner REBOUND (Off:0 Def:1),,,,,4,1626167,Myles Turner,1610612754.0,Indiana,Pacers,IND,0,0,,,,,,0,0,,,,,,1
32,0042400403,48,2,1,1,8:45 PM,8:04,MISS Turner 27' 3PT Jump Shot,,,,,4,1626167,Myles Turner,1610612754.0,Indiana,Pacers,IND,0,0,,,,,,0,0,,,,,,1
33,0042400403,49,4,0,1,8:45 PM,7:59,,,Gilgeous-Alexander REBOUND (Off:0 Def:2),,,5,1628983,Shai Gilgeous-Alexander,1610612760.0,Oklahoma City,Thunder,OKC,0,0,,,,,,0,0,,,,,,1
34,0042400403,50,6,1,1,8:45 PM,7:45,Siakam P.FOUL (P1.T3) (J.Capers),,,,,4,1627783,Pascal Siakam,1610612754.0,Indiana,Pacers,IND,5,1631114,Jalen Williams,1610612760.0,Oklahoma City,Thunder,OKC,1,0,,,,,,1
35,0042400403,52,1,79,1,8:46 PM,7:35,,,Holmgren 12' Pullup Jump Shot (8 PTS) (Gilgeous-Alexander 1 AST),15 - 6,-9,5,1631096,Chet Holmgren,1610612760.0,Oklahoma City,Thunder,OKC,5,1628983,Shai Gilgeous-Alexander,1610612760.0,Oklahoma City,Thunder,OKC,0,0,,,,,,1
36,0042400403,54,9,1,1,8:46 PM,7:35,PACERS Timeout: Regular (Full 1 Short 0),,,,,2,1610612754,,,,,,0,0,,,,,,0,0,,,,,,0
37,0042400403,55,8,0,1,8:49 PM,7:35,SUB: Toppin FOR Nesmith,,,,,4,1630174,Aaron Nesmith,1610612754.0,Indiana,Pacers,IND,4,1630167,Obi Toppin,1610612754.0,Indiana,Pacers,IND,0,0,,,,,,0
38,0042400403,56,8,0,1,8:49 PM,7:35,SUB: Sheppard FOR Turner,,,,,4,1626167,Myles Turner,1610612754.0,Indiana,Pacers,IND,4,1641767,Ben Sheppard,1610612754.0,Indiana,Pacers,IND,0,0,,,,,,0
39,0042400403,59,1,79,1,8:50 PM,7:21,Sheppard 16' Pullup Jump Shot (2 PTS) (Haliburton 1 AST),,,15 - 8,-7,4,1641767,Ben Sheppard,1610612754.0,Indiana,Pacers,IND,4,1630169,Tyrese Haliburton,1610612754.0,Indiana,Pacers,IND,0,0,,,,,,1
40,0042400403,61,5,2,1,8:50 PM,6:57,Sheppard STEAL (1 STL),,Jal. Williams Lost Ball Turnover (P1.T2),,,5,1631114,Jalen Williams,1610612760.0,Oklahoma City,Thunder,OKC,4,1641767,Ben Sheppard,1610612754.0,Indiana,Pacers,IND,0,0,,,,,,1
41,0042400403,63,1,41,1,8:50 PM,6:52,Toppin 3' Running Layup (2 PTS),,,15 - 10,-5,4,1630167,Obi Toppin,1610612754.0,Indiana,Pacers,IND,0,0,,,,,,0,0,,,,,,1
42,0042400403,65,2,1,1,8:50 PM,6:38,,,MISS Holmgren 27' 3PT Jump Shot,,,5,1631096,Chet Holmgren,1610612760.0,Oklahoma City,Thunder,OKC,0,0,,,,,,0,0,,,,,,1
43,0042400403,66,4,0,1,8:50 PM,6:34,Siakam REBOUND (Off:0 Def:1),,,,,4,1627783,Pascal Siakam,1610612754.0,Indiana,Pacers,IND,0,0,,,,,,0,0,,,,,,1
44,0042400403,67,5,40,1,8:51 PM,6:29,Nembhard Out of Bounds Lost Ball Turnover (P3.T3),,,,,4,1629614,Andrew Nembhard,1610612754.0,Indiana,Pacers,IND,0,0,,,,,,1,0,,,,,,1
45,0042400403,68,8,0,1,8:51 PM,6:29,,,SUB: Caruso FOR Wallace,,,5,1641717,Cason Wallace,1610612760.0,Oklahoma City,Thunder,OKC,5,1627936,Alex Caruso,1610612760.0,Oklahoma City,Thunder,OKC,0,0,,,,,,0
46,0042400403,70,2,63,1,8:51 PM,6:19,,,MISS Gilgeous-Alexander 14' Fadeaway Jumper,,,5,1628983,Shai Gilgeous-Alexander,1610612760.0,Oklahoma City,Thunder,OKC,0,0,,,,,,0,0,,,,,,1
47,0042400403,71,4,0,1,8:51 PM,6:16,Siakam REBOUND (Off:0 Def:2),,,,,4,1627783,Pascal Siakam,1610612754.0,Indiana,Pacers,IND,0,0,,,,,,0,0,,,,,,1
48,0042400403,73,2,80,1,8:51 PM,6:09,MISS Haliburton 20' Step Back Jump Shot,,,,,4,1630169,Tyrese Haliburton,1610612754.0,Indiana,Pacers,IND,0,0,,,,,,0,0,,,,,,1
49,0042400403,74,4,0,1,8:51 PM,6:07,,,Holmgren REBOUND (Off:0 Def:3),,,5,1631096,Chet Holmgren,1610612760.0,Oklahoma City,Thunder,OKC,0,0,,,,,,0,0,,,,,,1
50,0042400403,75,6,2,1,8:51 PM,6:02,Toppin S.FOUL (P1.T4) (T.Brothers),,,,,4,1630167,Obi Toppin,1610612754.0,Indiana,Pacers,IND,5,1631096,Chet Holmgren,1610612760.0,Oklahoma City,Thunder,OKC,1,0,,,,,,1
51,0042400403,77,3,11,1,8:52 PM,6:02,,,Holmgren Free Throw 1 of 2 (9 PTS),16 - 10,-6,5,1631096,Chet Holmgren,1610612760.0,Oklahoma City,Thunder,OKC,0,0,,,,,,0,0,,,,,,1
52,0042400403,80,3,12,1,8:52 PM,6:02,,,Holmgren Free Throw 2 of 2 (10 PTS),17 - 10,-7,5,1631096,Chet Holmgren,1610612760.0,Oklahoma City,Thunder,OKC,0,0,,,,,,0,0,,,,,,1
53,0042400403,78,8,0,1,8:52 PM,6:02,SUB: Turner FOR Siakam,,,,,4,1627783,Pascal Siakam,1610612754.0,Indiana,Pacers,IND,4,1626167,Myles Turner,1610612754.0,Indiana,Pacers,IND,0,0,,,,,,0
54,0042400403,81,2,1,1,8:52 PM,5:49,MISS Toppin 26' 3PT Jump Shot,,,,,4,1630167,Obi Toppin,1610612754.0,Indiana,Pacers,IND,0,0,,,,,,0,0,,,,,,1
55,0042400403,82,4,0,1,8:53 PM,5:45,,,Jal. Williams REBOUND (Off:1 Def:1),,,5,1631114,Jalen Williams,1610612760.0,Oklahoma City,Thunder,OKC,0,0,,,,,,0,0,,,,,,1
56,0042400403,83,1,50,1,8:53 PM,5:41,,,Holmgren 3' Running Dunk (12 PTS) (Caruso 1 AST),19 - 10,-9,5,1631096,Chet Holmgren,1610612760.0,Oklahoma City,Thunder,OKC,5,1627936,Alex Caruso,1610612760.0,Oklahoma City,Thunder,OKC,0,0,,,,,,1
57,0042400403,85,5,1,1,8:53 PM,5:29,Haliburton Bad Pass Turnover (P1.T4),,Jal. Williams STEAL (1 STL),,,4,1630169,Tyrese Haliburton,1610612754.0,Indiana,Pacers,IND,5,1631114,Jalen Williams,1610612760.0,Oklahoma City,Thunder,OKC,0,0,,,,,,1
58,0042400403,87,2,80,1,8:53 PM,5:18,,,MISS Gilgeous-Alexander 27' 3PT Step Back Jump Shot,,,5,1628983,Shai Gilgeous-Alexander,1610612760.0,Oklahoma City,Thunder,OKC,0,0,,,,,,0,0,,,,,,1
59,0042400403,88,4,0,1,8:53 PM,5:14,Toppin REBOUND (Off:0 Def:1),,,,,4,1630167,Obi Toppin,1610612754.0,Indiana,Pacers,IND,0,0,,,,,,0,0,,,,,,1
60,0042400403,89,1,101,1,8:53 PM,5:08,Haliburton 16' Driving Floating Jump Shot (2 PTS),,,19 - 12,-7,4,1630169,Tyrese Haliburton,1610612754.0,Indiana,Pacers,IND,0,0,,,,,,0,0,,,,,,1
61,0042400403,90,2,79,1,8:53 PM,4:59,,,MISS Jal. Williams 11' Pullup Jump Shot,,,5,1631114,Jalen Williams,1610612760.0,Oklahoma City,Thunder,OKC,0,0,,,,,,0,0,,,,,,1
62,0042400403,91,4,0,1,8:53 PM,4:57,,,Jal. Williams REBOUND (Off:2 Def:1),,,5,1631114,Jalen Williams,1610612760.0,Oklahoma City,Thunder,OKC,0,0,,,,,,0,0,,,,,,1
63,0042400403,92,5,1,1,8:53 PM,4:55,Haliburton STEAL (1 STL),,Jal. Williams Bad Pass Turnover (P2.T3),,,5,1631114,Jalen Williams,1610612760.0,Oklahoma City,Thunder,OKC,4,1630169,Tyrese Haliburton,1610612754.0,Indiana,Pacers,IND,0,0,,,,,,1
64,0042400403,94,1,41,1,8:53 PM,4:50,Toppin 3' Running Layup (4 PTS) (Haliburton 2 AST),,,19 - 14,-5,4,1630167,Obi Toppin,1610612754.0,Indiana,Pacers,IND,4,1630169,Tyrese Haliburton,1610612754.0,Indiana,Pacers,IND,0,0,,,,,,1
65,0042400403,96,9,1,1,8:54 PM,4:50,,,Thunder Timeout: Regular (Reg.1 Short 0),,,3,1610612760,,,,,,0,0,,,,,,0,0,,,,,,0
66,0042400403,97,8,0,1,8:57 PM,4:50,,,SUB: Hartenstein FOR Holmgren,,,5,1631096,Chet Holmgren,1610612760.0,Oklahoma City,Thunder,OKC,5,1628392,Isaiah Hartenstein,1610612760.0,Oklahoma City,Thunder,OKC,0,0,,,,,,0
67,0042400403,98,8,0,1,8:57 PM,4:50,,,SUB: Wiggins FOR Jal. Williams,,,5,1631114,Jalen Williams,1610612760.0,Oklahoma City,Thunder,OKC,5,1630598,Aaron Wiggins,1610612760.0,Oklahoma City,Thunder,OKC,0,0,,,,,,0
68,0042400403,101,1,1,1,8:58 PM,4:35,,,Dort 26' 3PT Jump Shot (6 PTS) (Caruso 2 AST),22 - 14,-8,5,1629652,Luguentz Dort,1610612760.0,Oklahoma City,Thunder,OKC,5,1627936,Alex Caruso,1610612760.0,Oklahoma City,Thunder,OKC,0,0,,,,,,1
69,0042400403,103,2,5,1,8:58 PM,4:10,MISS Turner 2' Layup,,Gilgeous-Alexander BLOCK (1 BLK),,,4,1626167,Myles Turner,1610612754.0,Indiana,Pacers,IND,0,0,,,,,,5,1628983,Shai Gilgeous-Alexander,1610612760.0,Oklahoma City,Thunder,OKC,1
70,0042400403,105,4,0,1,8:58 PM,4:10,PACERS Rebound,,,,,2,1610612754,,,,,,0,0,,,,,,0,0,,,,,,0
71,0042400403,107,2,1,1,8:58 PM,4:08,MISS Sheppard 3PT Jump Shot,,,,,4,1641767,Ben Sheppard,1610612754.0,Indiana,Pacers,IND,0,0,,,,,,0,0,,,,,,1
72,0042400403,108,4,0,1,8:58 PM,4:05,,,Caruso REBOUND (Off:0 Def:1),,,5,1627936,Alex Caruso,1610612760.0,Oklahoma City,Thunder,OKC,0,0,,,,,,0,0,,,,,,1
73,0042400403,109,5,40,1,8:58 PM,3:59,,,Wiggins Out of Bounds Lost Ball Turnover (P1.T4),,,5,1630598,Aaron Wiggins,1610612760.0,Oklahoma City,Thunder,OKC,0,0,,,,,,1,0,,,,,,1
74,0042400403,120,5,1,1,8:59 PM,3:53,Haliburton Bad Pass Turnover (P2.T5),,Hartenstein STEAL (1 STL),,,4,1630169,Tyrese Haliburton,1610612754.0,Indiana,Pacers,IND,5,1628392,Isaiah Hartenstein,1610612760.0,Oklahoma City,Thunder,OKC,0,0,,,,,,1
75,0042400403,124,5,1,1,8:59 PM,3:50,Sheppard STEAL (2 STL),,Hartenstein Bad Pass Turnover (P1.T5),,,5,1628392,Isaiah Hartenstein,1610612760.0,Oklahoma City,Thunder,OKC,4,1641767,Ben Sheppard,1610612754.0,Indiana,Pacers,IND,0,0,,,,,,1
76,0042400403,110,1,1,1,8:59 PM,3:36,Turner 3PT Jump Shot (3 PTS) (Haliburton 3 AST),,,22 - 17,-5,4,1626167,Myles Turner,1610612754.0,Indiana,Pacers,IND,4,1630169,Tyrese Haliburton,1610612754.0,Indiana,Pacers,IND,0,0,,,,,,1
77,0042400403,112,2,79,1,8:59 PM,3:15,,,MISS Dort 18' Pullup Jump Shot,,,5,1629652,Luguentz Dort,1610612760.0,Oklahoma City,Thunder,OKC,0,0,,,,,,0,0,,,,,,1
78,0042400403,113,4,0,1,8:59 PM,3:11,Toppin REBOUND (Off:0 Def:2),,,,,4,1630167,Obi Toppin,1610612754.0,Indiana,Pacers,IND,0,0,,,,,,0,0,,,,,,1
79,0042400403,114,1,1,1,9:00 PM,3:01,Haliburton 25' 3PT Jump Shot (5 PTS) (Nembhard 1 AST),,,22 - 20,-2,4,1630169,Tyrese Haliburton,1610612754.0,Indiana,Pacers,IND,4,1629614,Andrew Nembhard,1610612754.0,Indiana,Pacers,IND,0,0,,,,,,1
80,0042400403,116,1,1,1,9:00 PM,2:45,,,Dort 24' 3PT Jump Shot (9 PTS) (Wiggins 1 AST),25 - 20,-5,5,1629652,Luguentz Dort,1610612760.0,Oklahoma City,Thunder,OKC,5,1630598,Aaron Wiggins,1610612760.0,Oklahoma City,Thunder,OKC,0,0,,,,,,1
81,0042400403,118,1,75,1,9:00 PM,2:36,Toppin 1' Driving Finger Roll Layup (6 PTS) (Haliburton 4 AST),,,25 - 22,-3,4,1630167,Obi Toppin,1610612754.0,Indiana,Pacers,IND,4,1630169,Tyrese Haliburton,1610612754.0,Indiana,Pacers,IND,0,0,,,,,,1
82,0042400403,122,1,75,1,9:00 PM,2:27,,,Gilgeous-Alexander 3' Driving Finger Roll Layup (2 PTS),27 - 22,-5,5,1628983,Shai Gilgeous-Alexander,1610612760.0,Oklahoma City,Thunder,OKC,0,0,,,,,,0,0,,,,,,1
83,0042400403,123,7,2,1,9:00 PM,2:27,Turner Violation:Defensive Goaltending (T.Ford),,,,,4,1626167,Myles Turner,1610612754.0,Indiana,Pacers,IND,0,0,,,,,,1,0,,,,,,1
84,0042400403,126,2,75,1,9:01 PM,2:10,MISS Turner 3' Driving Finger Roll Layup,,,,,4,1626167,Myles Turner,1610612754.0,Indiana,Pacers,IND,0,0,,,,,,0,0,,,,,,1
85,0042400403,127,4,0,1,9:01 PM,2:07,,,Dort REBOUND (Off:0 Def:1),,,5,1629652,Luguentz Dort,1610612760.0,Oklahoma City,Thunder,OKC,0,0,,,,,,0,0,,,,,,1
86,0042400403,128,2,6,1,9:01 PM,1:57,Haliburton BLOCK (1 BLK),,MISS Wiggins 4' Driving Layup,,,5,1630598,Aaron Wiggins,1610612760.0,Oklahoma City,Thunder,OKC,0,0,,,,,,4,1630169,Tyrese Haliburton,1610612754.0,Indiana,Pacers,IND,1
87,0042400403,130,4,0,1,9:01 PM,1:53,Haliburton REBOUND (Off:0 Def:1),,,,,4,1630169,Tyrese Haliburton,1610612754.0,Indiana,Pacers,IND,0,0,,,,,,0,0,,,,,,1
88,0042400403,131,2,1,1,9:01 PM,1:38,MISS Toppin 28' 3PT Jump Shot,,,,,4,1630167,Obi Toppin,1610612754.0,Indiana,Pacers,IND,0,0,,,,,,0,0,,,,,,1
89,0042400403,132,4,0,1,9:01 PM,1:34,,,Hartenstein REBOUND (Off:0 Def:1),,,5,1628392,Isaiah Hartenstein,1610612760.0,Oklahoma City,Thunder,OKC,0,0,,,,,,0,0,,,,,,1
90,0042400403,133,1,75,1,9:01 PM,1:25,,,Gilgeous-Alexander 3' Driving Finger Roll Layup (4 PTS),29 - 22,-7,5,1628983,Shai Gilgeous-Alexander,1610612760.0,Oklahoma City,Thunder,OKC,0,0,,,,,,0,0,,,,,,1
91,0042400403,134,6,2,1,9:02 PM,1:19,,,Wiggins S.FOUL (P1.T2) (J.Capers),,,5,1630598,Aaron Wiggins,1610612760.0,Oklahoma City,Thunder,OKC,4,1629614,Andrew Nembhard,1610612754.0,Indiana,Pacers,IND,1,0,,,,,,1
92,0042400403,137,3,11,1,9:02 PM,1:19,Nembhard Free Throw 1 of 2 (1 PTS),,,29 - 23,-6,4,1629614,Andrew Nembhard,1610612754.0,Indiana,Pacers,IND,0,0,,,,,,0,0,,,,,,1
93,0042400403,148,3,12,1,9:02 PM,1:19,MISS Nembhard Free Throw 2 of 2,,,,,4,1629614,Andrew Nembhard,1610612754.0,Indiana,Pacers,IND,0,0,,,,,,0,0,,,,,,1
94,0042400403,138,8,0,1,9:02 PM,1:19,SUB: Siakam FOR Haliburton,,,,,4,1630169,Tyrese Haliburton,1610612754.0,Indiana,Pacers,IND,4,1627783,Pascal Siakam,1610612754.0,Indiana,Pacers,IND,0,0,,,,,,0
95,0042400403,139,8,0,1,9:02 PM,1:19,SUB: McConnell FOR Turner,,,,,4,1626167,Myles Turner,1610612754.0,Indiana,Pacers,IND,4,204456,T.J. McConnell,1610612754.0,Indiana,Pacers,IND,0,0,,,,,,0
96,0042400403,140,8,0,1,9:02 PM,1:19,,,SUB: Holmgren FOR Dort,,,5,1629652,Luguentz Dort,1610612760.0,Oklahoma City,Thunder,OKC,5,1631096,Chet Holmgren,1610612760.0,Oklahoma City,Thunder,OKC,0,0,,,,,,0
97,0042400403,141,8,0,1,9:02 PM,1:19,,,SUB: Joe FOR Caruso,,,5,1627936,Alex Caruso,1610612760.0,Oklahoma City,Thunder,OKC,5,1630198,Isaiah Joe,1610612760.0,Oklahoma City,Thunder,OKC,0,0,,,,,,0
98,0042400403,142,8,0,1,9:02 PM,1:19,,,SUB: Wallace FOR Wiggins,,,5,1630598,Aaron Wiggins,1610612760.0,Oklahoma City,Thunder,OKC,5,1641717,Cason Wallace,1610612760.0,Oklahoma City,Thunder,OKC,0,0,,,,,,0
99,0042400403,149,4,0,1,9:02 PM,1:18,,,Holmgren REBOUND (Off:0 Def:4),,,5,1631096,Chet Holmgren,1610612760.0,Oklahoma City,Thunder,OKC,0,0,,,,,,0,0,,,,,,1
100,0042400403,150,6,1,1,9:03 PM,1:03,Sheppard P.FOUL (P1.PN) (T.Ford),,,,,4,1641767,Ben Sheppard,1610612754.0,Indiana,Pacers,IND,5,1628983,Shai Gilgeous-Alexander,1610612760.0,Oklahoma City,Thunder,OKC,1,0,,,,,,1
101,0042400403,152,3,11,1,9:04 PM,1:03,,,Gilgeous-Alexander Free Throw 1 of 2 (5 PTS),30 - 23,-7,5,1628983,Shai Gilgeous-Alexander,1610612760.0,Oklahoma City,Thunder,OKC,0,0,,,,,,0,0,,,,,,1
102,0042400403,153,8,0,1,9:04 PM,1:03,SUB: Nesmith FOR Nembhard,,,,,4,1629614,Andrew Nembhard,1610612754.0,Indiana,Pacers,IND,4,1630174,Aaron Nesmith,1610612754.0,Indiana,Pacers,IND,0,0,,,,,,0
103,0042400403,155,3,12,1,9:04 PM,1:03,,,Gilgeous-Alexander Free Throw 2 of 2 (6 PTS),31 - 23,-8,5,1628983,Shai Gilgeous-Alexander,1610612760.0,Oklahoma City,Thunder,OKC,0,0,,,,,,0,0,,,,,,1
104,0042400403,156,6,1,1,9:04 PM,0:44,,,Hartenstein P.FOUL (P1.PN) (T.Ford),,,5,1628392,Isaiah Hartenstein,1610612760.0,Oklahoma City,Thunder,OKC,4,1627783,Pascal Siakam,1610612754.0,Indiana,Pacers,IND,1,0,,,,,,1
105,0042400403,158,3,11,1,9:05 PM,0:44,Siakam Free Throw 1 of 2 (7 PTS),,,31 - 24,-7,4,1627783,Pascal Siakam,1610612754.0,Indiana,Pacers,IND,0,0,,,,,,0,0,,,,,,1
106,0042400403,159,8,0,1,9:05 PM,0:44,SUB: Bryant FOR Toppin,,,,,4,1630167,Obi Toppin,1610612754.0,Indiana,Pacers,IND,4,1628418,Thomas Bryant,1610612754.0,Indiana,Pacers,IND,0,0,,,,,,0
107,0042400403,160,8,0,1,9:05 PM,0:44,,,SUB: Jay. Williams FOR Hartenstein,,,5,1628392,Isaiah Hartenstein,1610612760.0,Oklahoma City,Thunder,OKC,5,1631119,Jaylin Williams,1610612760.0,Oklahoma City,Thunder,OKC,0,0,,,,,,0
108,0042400403,163,3,12,1,9:05 PM,0:44,MISS Siakam Free Throw 2 of 2,,,,,4,1627783,Pascal Siakam,1610612754.0,Indiana,Pacers,IND,0,0,,,,,,0,0,,,,,,1
109,0042400403,164,4,0,1,9:05 PM,0:42,,,Thunder Rebound,,,3,1610612760,,,,,,0,0,,,,,,0,0,,,,,,1
110,0042400403,166,6,1,1,9:06 PM,0:30,Bryant P.FOUL (P1.PN) (T.Brothers),,,,,4,1628418,Thomas Bryant,1610612754.0,Indiana,Pacers,IND,5,1631096,Chet Holmgren,1610612760.0,Oklahoma City,Thunder,OKC,1,0,,,,,,1
111,0042400403,168,3,11,1,9:06 PM,0:30,,,Holmgren Free Throw 1 of 2 (13 PTS),32 - 24,-8,5,1631096,Chet Holmgren,1610612760.0,Oklahoma City,Thunder,OKC,0,0,,,,,,0,0,,,,,,1
112,0042400403,173,3,12,1,9:06 PM,0:30,,,MISS Holmgren Free Throw 2 of 2,,,5,1631096,Chet Holmgren,1610612760.0,Oklahoma City,Thunder,OKC,0,0,,,,,,0,0,,,,,,1
113,0042400403,169,8,0,1,9:06 PM,0:30,SUB: Toppin FOR Bryant,,,,,4,1628418,Thomas Bryant,1610612754.0,Indiana,Pacers,IND,4,1630167,Obi Toppin,1610612754.0,Indiana,Pacers,IND,0,0,,,,,,0
114,0042400403,171,8,0,1,9:06 PM,0:30,,,SUB: K. Williams FOR Jay. Williams,,,5,1631119,Jaylin Williams,1610612760.0,Oklahoma City,Thunder,OKC,5,1629026,Kenrich Williams,1610612760.0,Oklahoma City,Thunder,OKC,0,0,,,,,,0
115,0042400403,174,4,0,1,9:06 PM,0:28,Sheppard REBOUND (Off:0 Def:1),,,,,4,1641767,Ben Sheppard,1610612754.0,Indiana,Pacers,IND,0,0,,,,,,0,0,,,,,,1
116,0042400403,175,5,2,1,9:07 PM,0:13,McConnell Lost Ball Turnover (P1.T6),,Holmgren STEAL (1 STL),,,4,204456,T.J. McConnell,1610612754.0,Indiana,Pacers,IND,5,1631096,Chet Holmgren,1610612760.0,Oklahoma City,Thunder,OKC,0,0,,,,,,1
117,0042400403,178,8,0,1,9:07 PM,0:06,,,SUB: Jay. Williams FOR K. Williams,,,5,1629026,Kenrich Williams,1610612760.0,Oklahoma City,Thunder,OKC,5,1631119,Jaylin Williams,1610612760.0,Oklahoma City,Thunder,OKC,0,0,,,,,,0
118,0042400403,180,8,0,1,9:07 PM,0:06,,,SUB: Caruso FOR Wallace,,,5,1641717,Cason Wallace,1610612760.0,Oklahoma City,Thunder,OKC,5,1627936,Alex Caruso,1610612760.0,Oklahoma City,Thunder,OKC,0,0,,,,,,0
119,0042400403,182,2,86,1,9:07 PM,0:01,,,MISS Gilgeous-Alexander 14' Turnaround Fadeaway Shot,,,5,1628983,Shai Gilgeous-Alexander,1610612760.0,Oklahoma City,Thunder,OKC,0,0,,,,,,0,0,,,,,,1
120,0042400403,183,4,0,1,9:07 PM,0:01,,,Thunder Rebound,,,3,1610612760,,,,,,0,0,,,,,,0,0,,,,,,0
121,0042400403,184,13,0,1,9:08 PM,0:00,,End of 1st Period (9:08 PM EST),,32 - 24,-8,0,0,,,,,,0,0,,,,,,0,0,,,,,,1
122,0042400403,196,12,0,2,9:11 PM,12:00,,Start of 2nd Period (9:11 PM EST),,32 - 24,-8,0,0,,,,,,0,0,,,,,,0,0,,,,,,0
123,0042400403,197,1,5,2,9:12 PM,11:37,Siakam 5' Layup (9 PTS) (McConnell 1 AST),,,32 - 26,-6,4,1627783,Pascal Siakam,1610612754.0,Indiana,Pacers,IND,4,204456,T.J. McConnell,1610612754.0,Indiana,Pacers,IND,0,0,,,,,,1
124,0042400403,199,5,1,2,9:12 PM,11:34,McConnell STEAL (1 STL),,Wallace Bad Pass Turnover (P1.T6),,,5,1641717,Cason Wallace,1610612760.0,Oklahoma City,Thunder,OKC,4,204456,T.J. McConnell,1610612754.0,Indiana,Pacers,IND,0,0,,,,,,1
125,0042400403,201,2,1,2,9:12 PM,11:31,MISS Siakam 28' 3PT Jump Shot,,,,,4,1627783,Pascal Siakam,1610612754.0,Indiana,Pacers,IND,0,0,,,,,,0,0,,,,,,1
126,0042400403,202,4,0,2,9:12 PM,11:27,McConnell REBOUND (Off:1 Def:0),,,,,4,204456,T.J. McConnell,1610612754.0,Indiana,Pacers,IND,0,0,,,,,,0,0,,,,,,1
127,0042400403,203,1,98,2,9:12 PM,11:26,Mathurin 3' Cutting Layup Shot (2 PTS) (McConnell 2 AST),,,32 - 28,-4,4,1631097,Bennedict Mathurin,1610612754.0,Indiana,Pacers,IND,4,204456,T.J. McConnell,1610612754.0,Indiana,Pacers,IND,0,0,,,,,,1
128,0042400403,205,2,79,2,9:12 PM,11:07,,,MISS Holmgren 11' Pullup Jump Shot,,,5,1631096,Chet Holmgren,1610612760.0,Oklahoma City,Thunder,OKC,0,0,,,,,,0,0,,,,,,1
129,0042400403,206,4,0,2,9:12 PM,11:04,Mathurin REBOUND (Off:0 Def:1),,,,,4,1631097,Bennedict Mathurin,1610612754.0,Indiana,Pacers,IND,0,0,,,,,,0,0,,,,,,1
130,0042400403,208,2,86,2,9:12 PM,10:52,MISS McConnell 6' Turnaround Fadeaway Shot,,,,,4,204456,T.J. McConnell,1610612754.0,Indiana,Pacers,IND,0,0,,,,,,0,0,,,,,,1
131,0042400403,209,4,0,2,9:12 PM,10:51,,,Wallace REBOUND (Off:0 Def:1),,,5,1641717,Cason Wallace,1610612760.0,Oklahoma City,Thunder,OKC,0,0,,,,,,0,0,,,,,,1
132,0042400403,210,6,2,2,9:13 PM,10:48,Nesmith S.FOUL (P2.T1) (T.Brothers),,,,,4,1630174,Aaron Nesmith,1610612754.0,Indiana,Pacers,IND,5,1631096,Chet Holmgren,1610612760.0,Oklahoma City,Thunder,OKC,1,0,,,,,,1
133,0042400403,212,3,11,2,9:13 PM,10:48,,,Holmgren Free Throw 1 of 2 (14 PTS),33 - 28,-5,5,1631096,Chet Holmgren,1610612760.0,Oklahoma City,Thunder,OKC,0,0,,,,,,0,0,,,,,,1
134,0042400403,213,3,12,2,9:13 PM,10:48,,,Holmgren Free Throw 2 of 2 (15 PTS),34 - 28,-6,5,1631096,Chet Holmgren,1610612760.0,Oklahoma City,Thunder,OKC,0,0,,,,,,0,0,,,,,,1
135,0042400403,214,6,1,2,9:14 PM,10:39,,,Hartenstein P.FOUL (P2.T1) (T.Brothers),,,5,1628392,Isaiah Hartenstein,1610612760.0,Oklahoma City,Thunder,OKC,4,1626167,Myles Turner,1610612754.0,Indiana,Pacers,IND,1,0,,,,,,1
136,0042400403,216,8,0,2,9:14 PM,10:39,,,SUB: Wiggins FOR Hartenstein,,,5,1628392,Isaiah Hartenstein,1610612760.0,Oklahoma City,Thunder,OKC,5,1630598,Aaron Wiggins,1610612760.0,Oklahoma City,Thunder,OKC,0,0,,,,,,0
137,0042400403,218,8,0,2,9:14 PM,10:39,SUB: Toppin FOR Turner,,,,,4,1626167,Myles Turner,1610612754.0,Indiana,Pacers,IND,4,1630167,Obi Toppin,1610612754.0,Indiana,Pacers,IND,0,0,,,,,,0
138,0042400403,220,1,79,2,9:15 PM,10:28,Mathurin 18' Pullup Jump Shot (4 PTS),,,34 - 30,-4,4,1631097,Bennedict Mathurin,1610612754.0,Indiana,Pacers,IND,0,0,,,,,,0,0,,,,,,1
139,0042400403,221,2,44,2,9:15 PM,10:13,Siakam BLOCK (1 BLK),,MISS Caruso 5' Reverse Layup,,,5,1627936,Alex Caruso,1610612760.0,Oklahoma City,Thunder,OKC,0,0,,,,,,4,1627783,Pascal Siakam,1610612754.0,Indiana,Pacers,IND,1
140,0042400403,223,4,0,2,9:15 PM,10:13,,,Thunder Rebound,,,3,1610612760,,,,,,0,0,,,,,,0,0,,,,,,0
141,0042400403,225,7,5,2,9:15 PM,10:13,Siakam Violation:Kicked Ball (T.Brothers),,,,,4,1627783,Pascal Siakam,1610612754.0,Indiana,Pacers,IND,0,0,,,,,,1,0,,,,,,0
142,0042400403,226,2,79,2,9:16 PM,10:05,,,MISS Jal. Williams 17' Pullup Jump Shot,,,5,1631114,Jalen Williams,1610612760.0,Oklahoma City,Thunder,OKC,0,0,,,,,,0,0,,,,,,1
143,0042400403,227,4,0,2,9:16 PM,10:02,Siakam REBOUND (Off:0 Def:3),,,,,4,1627783,Pascal Siakam,1610612754.0,Indiana,Pacers,IND,0,0,,,,,,0,0,,,,,,1
144,0042400403,228,1,98,2,9:16 PM,9:47,Nesmith 4' Cutting Layup Shot (2 PTS) (McConnell 3 AST),,,34 - 32,-2,4,1630174,Aaron Nesmith,1610612754.0,Indiana,Pacers,IND,4,204456,T.J. McConnell,1610612754.0,Indiana,Pacers,IND,0,0,,,,,,1
145,0042400403,230,5,1,2,9:16 PM,9:44,McConnell STEAL (2 STL),,Wallace Bad Pass Turnover (P2.T7),,,5,1641717,Cason Wallace,1610612760.0,Oklahoma City,Thunder,OKC,4,204456,T.J. McConnell,1610612754.0,Indiana,Pacers,IND,0,0,,,,,,1
146,0042400403,233,2,5,2,9:17 PM,9:39,MISS Mathurin 3' Layup,,,,,4,1631097,Bennedict Mathurin,1610612754.0,Indiana,Pacers,IND,0,0,,,,,,0,0,,,,,,1
147,0042400403,234,4,0,2,9:17 PM,9:37,,,Holmgren REBOUND (Off:0 Def:5),,,5,1631096,Chet Holmgren,1610612760.0,Oklahoma City,Thunder,OKC,0,0,,,,,,0,0,,,,,,1
148,0042400403,235,1,41,2,9:17 PM,9:32,,,Wallace 4' Running Layup (2 PTS) (Wiggins 2 AST),36 - 32,-4,5,1641717,Cason Wallace,1610612760.0,Oklahoma City,Thunder,OKC,5,1630598,Aaron Wiggins,1610612760.0,Oklahoma City,Thunder,OKC,0,0,,,,,,1
149,0042400403,237,1,1,2,9:17 PM,9:21,Mathurin 24' 3PT Jump Shot (7 PTS) (McConnell 4 AST),,,36 - 35,-1,4,1631097,Bennedict Mathurin,1610612754.0,Indiana,Pacers,IND,4,204456,T.J. McConnell,1610612754.0,Indiana,Pacers,IND,0,0,,,,,,1
150,0042400403,239,9,1,2,9:17 PM,9:19,,,Thunder Timeout: Regular (Reg.2 Short 0),,,3,1610612760,,,,,,0,0,,,,,,0,0,,,,,,0
151,0042400403,240,8,0,2,9:20 PM,9:19,,,SUB: Hartenstein FOR Holmgren,,,5,1631096,Chet Holmgren,1610612760.0,Oklahoma City,Thunder,OKC,5,1628392,Isaiah Hartenstein,1610612760.0,Oklahoma City,Thunder,OKC,0,0,,,,,,0
152,0042400403,242,2,79,2,9:21 PM,9:05,,,MISS Jal. Williams 19' Pullup Jump Shot,,,5,1631114,Jalen Williams,1610612760.0,Oklahoma City,Thunder,OKC,0,0,,,,,,0,0,,,,,,1
153,0042400403,243,4,0,2,9:21 PM,9:01,Siakam REBOUND (Off:0 Def:4),,,,,4,1627783,Pascal Siakam,1610612754.0,Indiana,Pacers,IND,0,0,,,,,,0,0,,,,,,1
154,0042400403,244,6,2,2,9:21 PM,8:58,,,Wiggins S.FOUL (P2.T2) (T.Ford),,,5,1630598,Aaron Wiggins,1610612760.0,Oklahoma City,Thunder,OKC,4,204456,T.J. McConnell,1610612754.0,Indiana,Pacers,IND,1,0,,,,,,1
155,0042400403,246,3,11,2,9:22 PM,8:58,McConnell Free Throw 1 of 2 (1 PTS),,,36 - 36,TIE,4,204456,T.J. McConnell,1610612754.0,Indiana,Pacers,IND,0,0,,,,,,0,0,,,,,,1
156,0042400403,247,8,0,2,9:22 PM,8:58,,,SUB: Gilgeous-Alexander FOR Jal. Williams,,,5,1631114,Jalen Williams,1610612760.0,Oklahoma City,Thunder,OKC,5,1628983,Shai Gilgeous-Alexander,1610612760.0,Oklahoma City,Thunder,OKC,0,0,,,,,,0
157,0042400403,249,8,0,2,9:22 PM,8:58,SUB: Nembhard FOR Nesmith,,,,,4,1630174,Aaron Nesmith,1610612754.0,Indiana,Pacers,IND,4,1629614,Andrew Nembhard,1610612754.0,Indiana,Pacers,IND,0,0,,,,,,0
158,0042400403,251,3,12,2,9:22 PM,8:58,McConnell Free Throw 2 of 2 (2 PTS),,,36 - 37,1,4,204456,T.J. McConnell,1610612754.0,Indiana,Pacers,IND,0,0,,,,,,0,0,,,,,,1
159,0042400403,252,5,1,2,9:23 PM,8:43,McConnell STEAL (3 STL),,Gilgeous-Alexander Bad Pass Turnover (P2.T8),,,5,1628983,Shai Gilgeous-Alexander,1610612760.0,Oklahoma City,Thunder,OKC,4,204456,T.J. McConnell,1610612754.0,Indiana,Pacers,IND,0,0,,,,,,1
160,0042400403,254,2,76,2,9:23 PM,8:37,MISS Siakam 4' Running Finger Roll Layup,,,,,4,1627783,Pascal Siakam,1610612754.0,Indiana,Pacers,IND,0,0,,,,,,0,0,,,,,,1
161,0042400403,255,4,0,2,9:23 PM,8:35,,,Caruso REBOUND (Off:0 Def:2),,,5,1627936,Alex Caruso,1610612760.0,Oklahoma City,Thunder,OKC,0,0,,,,,,0,0,,,,,,1
162,0042400403,256,2,101,2,9:23 PM,8:29,,,MISS Gilgeous-Alexander 9' Driving Floating Jump Shot,,,5,1628983,Shai Gilgeous-Alexander,1610612760.0,Oklahoma City,Thunder,OKC,0,0,,,,,,0,0,,,,,,1
163,0042400403,257,4,0,2,9:23 PM,8:27,Toppin REBOUND (Off:0 Def:3),,,,,4,1630167,Obi Toppin,1610612754.0,Indiana,Pacers,IND,0,0,,,,,,0,0,,,,,,1
164,0042400403,258,1,75,2,9:23 PM,8:18,Mathurin 4' Driving Finger Roll Layup (9 PTS) (Siakam 1 AST),,,36 - 39,3,4,1631097,Bennedict Mathurin,1610612754.0,Indiana,Pacers,IND,4,1627783,Pascal Siakam,1610612754.0,Indiana,Pacers,IND,0,0,,,,,,1
165,0042400403,261,2,101,2,9:24 PM,7:58,Mathurin BLOCK (1 BLK),,MISS Wiggins 7' Driving Floating Jump Shot,,,5,1630598,Aaron Wiggins,1610612760.0,Oklahoma City,Thunder,OKC,0,0,,,,,,4,1631097,Bennedict Mathurin,1610612754.0,Indiana,Pacers,IND,1
166,0042400403,263,4,0,2,9:24 PM,7:55,,,Caruso REBOUND (Off:1 Def:2),,,5,1627936,Alex Caruso,1610612760.0,Oklahoma City,Thunder,OKC,0,0,,,,,,0,0,,,,,,1
167,0042400403,264,2,75,2,9:24 PM,7:49,,,MISS Caruso 5' Driving Finger Roll Layup,,,5,1627936,Alex Caruso,1610612760.0,Oklahoma City,Thunder,OKC,0,0,,,,,,0,0,,,,,,1
168,0042400403,265,4,0,2,9:24 PM,7:48,,,Wiggins REBOUND (Off:1 Def:0),,,5,1630598,Aaron Wiggins,1610612760.0,Oklahoma City,Thunder,OKC,0,0,,,,,,0,0,,,,,,1
169,0042400403,266,5,11,2,9:24 PM,7:48,,,Thunder Turnover: Shot Clock (T#9),,,3,1610612760,,,,,,0,0,,,,,,0,0,,,,,,1
170,0042400403,267,5,45,2,9:24 PM,7:27,Mathurin Out of Bounds - Bad Pass Turnover Turnover (P1.T7),,,,,4,1631097,Bennedict Mathurin,1610612754.0,Indiana,Pacers,IND,0,0,,,,,,1,0,,,,,,1
171,0042400403,268,9,1,2,9:25 PM,7:27,PACERS Timeout: Regular (Full 2 Short 0),,,,,2,1610612754,,,,,,0,0,,,,,,0,0,,,,,,0
172,0042400403,269,8,0,2,9:28 PM,7:27,SUB: Haliburton FOR McConnell,,,,,4,204456,T.J. McConnell,1610612754.0,Indiana,Pacers,IND,4,1630169,Tyrese Haliburton,1610612754.0,Indiana,Pacers,IND,0,0,,,,,,0
173,0042400403,270,8,0,2,9:28 PM,7:27,SUB: Turner FOR Siakam,,,,,4,1627783,Pascal Siakam,1610612754.0,Indiana,Pacers,IND,4,1626167,Myles Turner,1610612754.0,Indiana,Pacers,IND,0,0,,,,,,0
174,0042400403,271,8,0,2,9:28 PM,7:27,,,SUB: Holmgren FOR Caruso,,,5,1627936,Alex Caruso,1610612760.0,Oklahoma City,Thunder,OKC,5,1631096,Chet Holmgren,1610612760.0,Oklahoma City,Thunder,OKC,0,0,,,,,,0
175,0042400403,272,8,0,2,9:28 PM,7:27,,,SUB: K. Williams FOR Wiggins,,,5,1630598,Aaron Wiggins,1610612760.0,Oklahoma City,Thunder,OKC,5,1629026,Kenrich Williams,1610612760.0,Oklahoma City,Thunder,OKC,0,0,,,,,,0
176,0042400403,273,8,0,2,9:28 PM,7:27,,,SUB: Joe FOR Hartenstein,,,5,1628392,Isaiah Hartenstein,1610612760.0,Oklahoma City,Thunder,OKC,5,1630198,Isaiah Joe,1610612760.0,Oklahoma City,Thunder,OKC,0,0,,,,,,0
177,0042400403,279,8,0,2,9:28 PM,7:27,,,SUB: Dort FOR Wallace,,,5,1641717,Cason Wallace,1610612760.0,Oklahoma City,Thunder,OKC,5,1629652,Luguentz Dort,1610612760.0,Oklahoma City,Thunder,OKC,0,0,,,,,,0
178,0042400403,281,6,1,2,9:29 PM,7:17,Nembhard P.FOUL (P2.T2) (J.Capers),,,,,4,1629614,Andrew Nembhard,1610612754.0,Indiana,Pacers,IND,5,1629652,Luguentz Dort,1610612760.0,Oklahoma City,Thunder,OKC,1,0,,,,,,1
179,0042400403,283,1,1,2,9:29 PM,7:11,,,Joe 27' 3PT Jump Shot (3 PTS),39 - 39,TIE,5,1630198,Isaiah Joe,1610612760.0,Oklahoma City,Thunder,OKC,0,0,,,,,,0,0,,,,,,1
180,0042400403,285,2,79,2,9:29 PM,6:57,MISS Haliburton 26' 3PT Pullup Jump Shot,,,,,4,1630169,Tyrese Haliburton,1610612754.0,Indiana,Pacers,IND,0,0,,,,,,0,0,,,,,,0
181,0042400403,286,4,0,2,9:29 PM,6:55,Mathurin REBOUND (Off:1 Def:1),,,,,4,1631097,Bennedict Mathurin,1610612754.0,Indiana,Pacers,IND,0,0,,,,,,0,0,,,,,,0
182,0042400403,287,1,1,2,9:29 PM,6:50,Nembhard 27' 3PT Jump Shot (4 PTS) (Haliburton 5 AST),,,39 - 42,3,4,1629614,Andrew Nembhard,1610612754.0,Indiana,Pacers,IND,4,1630169,Tyrese Haliburton,1610612754.0,Indiana,Pacers,IND,0,0,,,,,,1
183,0042400403,289,1,79,2,9:30 PM,6:28,,,Joe 26' 3PT Pullup Jump Shot (6 PTS) (Gilgeous-Alexander 2 AST),42 - 42,TIE,5,1630198,Isaiah Joe,1610612760.0,Oklahoma City,Thunder,OKC,5,1628983,Shai Gilgeous-Alexander,1610612760.0,Oklahoma City,Thunder,OKC,0,0,,,,,,1
184,0042400403,291,6,1,2,9:30 PM,6:09,,,Joe P.FOUL (P1.T3) (T.Ford),,,5,1630198,Isaiah Joe,1610612760.0,Oklahoma City,Thunder,OKC,4,1631097,Bennedict Mathurin,1610612754.0,Indiana,Pacers,IND,1,0,,,,,,1
185,0042400403,293,6,2,2,9:31 PM,6:05,,,Joe S.FOUL (P2.T4) (J.Capers),,,5,1630198,Isaiah Joe,1610612760.0,Oklahoma City,Thunder,OKC,4,1631097,Bennedict Mathurin,1610612754.0,Indiana,Pacers,IND,1,0,,,,,,1
186,0042400403,295,3,11,2,9:31 PM,6:05,Mathurin Free Throw 1 of 2 (10 PTS),,,42 - 43,1,4,1631097,Bennedict Mathurin,1610612754.0,Indiana,Pacers,IND,0,0,,,,,,0,0,,,,,,1
187,0042400403,296,3,12,2,9:31 PM,6:05,Mathurin Free Throw 2 of 2 (11 PTS),,,42 - 44,2,4,1631097,Bennedict Mathurin,1610612754.0,Indiana,Pacers,IND,0,0,,,,,,0,0,,,,,,1
188,0042400403,297,2,1,2,9:32 PM,5:55,,,MISS K. Williams 27' 3PT Jump Shot,,,5,1629026,Kenrich Williams,1610612760.0,Oklahoma City,Thunder,OKC,0,0,,,,,,0,0,,,,,,1
189,0042400403,298,4,0,2,9:32 PM,5:50,Haliburton REBOUND (Off:0 Def:2),,,,,4,1630169,Tyrese Haliburton,1610612754.0,Indiana,Pacers,IND,0,0,,,,,,0,0,,,,,,1
190,0042400403,299,1,41,2,9:32 PM,5:47,Mathurin 5' Running Layup (13 PTS) (Toppin 1 AST),,,42 - 46,4,4,1631097,Bennedict Mathurin,1610612754.0,Indiana,Pacers,IND,4,1630167,Obi Toppin,1610612754.0,Indiana,Pacers,IND,0,0,,,,,,1
191,0042400403,301,6,2,2,9:32 PM,5:47,,,Dort S.FOUL (P2.PN) (T.Ford),,,5,1629652,Luguentz Dort,1610612760.0,Oklahoma City,Thunder,OKC,4,1631097,Bennedict Mathurin,1610612754.0,Indiana,Pacers,IND,1,0,,,,,,1
192,0042400403,303,8,0,2,9:32 PM,5:47,,,SUB: Jal. Williams FOR K. Williams,,,5,1629026,Kenrich Williams,1610612760.0,Oklahoma City,Thunder,OKC,5,1631114,Jalen Williams,1610612760.0,Oklahoma City,Thunder,OKC,0,0,,,,,,0
193,0042400403,305,3,10,2,9:32 PM,5:47,Mathurin Free Throw 1 of 1 (14 PTS),,,42 - 47,5,4,1631097,Bennedict Mathurin,1610612754.0,Indiana,Pacers,IND,0,0,,,,,,0,0,,,,,,1
194,0042400403,306,6,1,2,9:33 PM,5:36,Nembhard P.FOUL (P3.T3) (J.Capers),,,,,4,1629614,Andrew Nembhard,1610612754.0,Indiana,Pacers,IND,5,1628983,Shai Gilgeous-Alexander,1610612760.0,Oklahoma City,Thunder,OKC,1,0,,,,,,1
195,0042400403,308,8,0,2,9:33 PM,5:36,SUB: Sheppard FOR Nembhard,,,,,4,1629614,Andrew Nembhard,1610612754.0,Indiana,Pacers,IND,4,1641767,Ben Sheppard,1610612754.0,Indiana,Pacers,IND,0,0,,,,,,0
196,0042400403,310,2,80,2,9:33 PM,5:25,Toppin BLOCK (1 BLK),,MISS Dort 15' Step Back Jump Shot,,,5,1629652,Luguentz Dort,1610612760.0,Oklahoma City,Thunder,OKC,0,0,,,,,,4,1630167,Obi Toppin,1610612754.0,Indiana,Pacers,IND,1
197,0042400403,312,4,0,2,9:33 PM,5:23,,,Thunder Rebound,,,3,1610612760,,,,,,0,0,,,,,,0,0,,,,,,0
198,0042400403,314,8,0,2,9:34 PM,5:23,,,SUB: Caruso FOR Joe,,,5,1630198,Isaiah Joe,1610612760.0,Oklahoma City,Thunder,OKC,5,1627936,Alex Caruso,1610612760.0,Oklahoma City,Thunder,OKC,0,0,,,,,,0
199,0042400403,316,2,1,2,9:34 PM,5:22,Turner BLOCK (2 BLK),,MISS Holmgren 24' 3PT Jump Shot,,,5,1631096,Chet Holmgren,1610612760.0,Oklahoma City,Thunder,OKC,0,0,,,,,,4,1626167,Myles Turner,1610612754.0,Indiana,Pacers,IND,1
200,0042400403,318,4,0,2,9:34 PM,5:22,,,Thunder Rebound,,,3,1610612760,,,,,,0,0,,,,,,0,0,,,,,,0
201,0042400403,319,5,11,2,9:34 PM,5:22,,,Thunder Turnover: Shot Clock (T#10),,,3,1610612760,,,,,,0,0,,,,,,1,0,,,,,,1
202,0042400403,320,1,101,2,9:34 PM,5:12,Haliburton 16' Driving Floating Jump Shot (7 PTS),,,42 - 49,7,4,1630169,Tyrese Haliburton,1610612754.0,Indiana,Pacers,IND,0,0,,,,,,0,0,,,,,,1
203,0042400403,321,1,1,2,9:35 PM,4:57,,,Caruso 3PT Jump Shot (3 PTS) (Holmgren 1 AST),45 - 49,4,5,1627936,Alex Caruso,1610612760.0,Oklahoma City,Thunder,OKC,5,1631096,Chet Holmgren,1610612760.0,Oklahoma City,Thunder,OKC,0,0,,,,,,1
204,0042400403,323,2,79,2,9:35 PM,4:39,MISS Haliburton 15' Pullup Jump Shot,,,,,4,1630169,Tyrese Haliburton,1610612754.0,Indiana,Pacers,IND,0,0,,,,,,0,0,,,,,,1
205,0042400403,324,4,0,2,9:35 PM,4:38,,,Jal. Williams REBOUND (Off:2 Def:2),,,5,1631114,Jalen Williams,1610612760.0,Oklahoma City,Thunder,OKC,0,0,,,,,,0,0,,,,,,1
206,0042400403,325,6,2,2,9:35 PM,4:22,Haliburton S.FOUL (P1.T4) (T.Brothers),,,,,4,1630169,Tyrese Haliburton,1610612754.0,Indiana,Pacers,IND,5,1631114,Jalen Williams,1610612760.0,Oklahoma City,Thunder,OKC,1,0,,,,,,1
207,0042400403,327,3,11,2,9:36 PM,4:22,,,MISS Jal. Williams Free Throw 1 of 2,,,5,1631114,Jalen Williams,1610612760.0,Oklahoma City,Thunder,OKC,0,0,,,,,,0,0,,,,,,1
208,0042400403,328,4,1,2,9:36 PM,4:22,,,Thunder Rebound,,,3,1610612760,,,,,,0,0,,,,,,0,0,,,,,,0
209,0042400403,329,8,0,2,9:36 PM,4:22,SUB: Siakam FOR Toppin,,,,,4,1630167,Obi Toppin,1610612754.0,Indiana,Pacers,IND,4,1627783,Pascal Siakam,1610612754.0,Indiana,Pacers,IND,0,0,,,,,,0
210,0042400403,331,8,0,2,9:36 PM,4:22,,,SUB: Hartenstein FOR Holmgren,,,5,1631096,Chet Holmgren,1610612760.0,Oklahoma City,Thunder,OKC,5,1628392,Isaiah Hartenstein,1610612760.0,Oklahoma City,Thunder,OKC,0,0,,,,,,0
211,0042400403,333,3,12,2,9:36 PM,4:22,,,Jal. Williams Free Throw 2 of 2 (5 PTS),46 - 49,3,5,1631114,Jalen Williams,1610612760.0,Oklahoma City,Thunder,OKC,0,0,,,,,,0,0,,,,,,1
212,0042400403,334,1,101,2,9:36 PM,4:02,Sheppard 7' Driving Floating Jump Shot (4 PTS) (Haliburton 6 AST),,,46 - 51,5,4,1641767,Ben Sheppard,1610612754.0,Indiana,Pacers,IND,4,1630169,Tyrese Haliburton,1610612754.0,Indiana,Pacers,IND,0,0,,,,,,1
213,0042400403,336,1,6,2,9:37 PM,3:50,,,Jal. Williams 4' Driving Layup (7 PTS),48 - 51,3,5,1631114,Jalen Williams,1610612760.0,Oklahoma City,Thunder,OKC,0,0,,,,,,0,0,,,,,,1
214,0042400403,337,6,2,2,9:37 PM,3:50,Siakam S.FOUL (P2.PN) (J.Capers),,,,,4,1627783,Pascal Siakam,1610612754.0,Indiana,Pacers,IND,5,1631114,Jalen Williams,1610612760.0,Oklahoma City,Thunder,OKC,1,0,,,,,,1
215,0042400403,339,3,10,2,9:37 PM,3:50,,,Jal. Williams Free Throw 1 of 1 (8 PTS),49 - 51,2,5,1631114,Jalen Williams,1610612760.0,Oklahoma City,Thunder,OKC,0,0,,,,,,0,0,,,,,,1
216,0042400403,340,2,1,2,9:37 PM,3:36,MISS Sheppard 3PT Jump Shot,,,,,4,1641767,Ben Sheppard,1610612754.0,Indiana,Pacers,IND,0,0,,,,,,0,0,,,,,,1
217,0042400403,341,4,0,2,9:37 PM,3:32,,,Gilgeous-Alexander REBOUND (Off:0 Def:3),,,5,1628983,Shai Gilgeous-Alexander,1610612760.0,Oklahoma City,Thunder,OKC,0,0,,,,,,0,0,,,,,,1
218,0042400403,342,1,75,2,9:38 PM,3:27,,,Gilgeous-Alexander 3' Driving Finger Roll Layup (8 PTS),51 - 51,TIE,5,1628983,Shai Gilgeous-Alexander,1610612760.0,Oklahoma City,Thunder,OKC,0,0,,,,,,0,0,,,,,,1
219,0042400403,343,9,1,2,9:38 PM,3:26,PACERS Timeout: Regular (Full 3 Short 0),,,,,2,1610612754,,,,,,0,0,,,,,,0,0,,,,,,0
220,0042400403,344,8,0,2,9:39 PM,3:26,SUB: McConnell FOR Mathurin,,,,,4,1631097,Bennedict Mathurin,1610612754.0,Indiana,Pacers,IND,4,204456,T.J. McConnell,1610612754.0,Indiana,Pacers,IND,0,0,,,,,,0
221,0042400403,345,8,0,2,9:39 PM,3:26,SUB: Nesmith FOR Turner,,,,,4,1626167,Myles Turner,1610612754.0,Indiana,Pacers,IND,4,1630174,Aaron Nesmith,1610612754.0,Indiana,Pacers,IND,0,0,,,,,,0
222,0042400403,346,8,0,2,9:39 PM,3:26,,,SUB: Wallace FOR Dort,,,5,1629652,Luguentz Dort,1610612760.0,Oklahoma City,Thunder,OKC,5,1641717,Cason Wallace,1610612760.0,Oklahoma City,Thunder,OKC,0,0,,,,,,0
223,0042400403,350,2,79,2,9:40 PM,3:13,MISS McConnell 17' Pullup Jump Shot,,,,,4,204456,T.J. McConnell,1610612754.0,Indiana,Pacers,IND,0,0,,,,,,0,0,,,,,,1
224,0042400403,351,4,0,2,9:40 PM,3:10,,,Wallace REBOUND (Off:0 Def:2),,,5,1641717,Cason Wallace,1610612760.0,Oklahoma City,Thunder,OKC,0,0,,,,,,0,0,,,,,,1
225,0042400403,352,1,6,2,9:40 PM,3:01,,,Gilgeous-Alexander 5' Driving Layup (10 PTS),53 - 51,-2,5,1628983,Shai Gilgeous-Alexander,1610612760.0,Oklahoma City,Thunder,OKC,0,0,,,,,,0,0,,,,,,1
226,0042400403,353,1,102,2,9:40 PM,2:54,Siakam 4' Driving Floating Bank Jump Shot (11 PTS) (Haliburton 7 AST),,,53 - 53,TIE,4,1627783,Pascal Siakam,1610612754.0,Indiana,Pacers,IND,4,1630169,Tyrese Haliburton,1610612754.0,Indiana,Pacers,IND,0,0,,,,,,1
227,0042400403,355,1,108,2,9:40 PM,2:36,,,Hartenstein 2' Cutting Dunk Shot (2 PTS) (Gilgeous-Alexander 3 AST),55 - 53,-2,5,1628392,Isaiah Hartenstein,1610612760.0,Oklahoma City,Thunder,OKC,5,1628983,Shai Gilgeous-Alexander,1610612760.0,Oklahoma City,Thunder,OKC,0,0,,,,,,1
228,0042400403,357,1,101,2,9:41 PM,2:14,Haliburton 12' Driving Floating Jump Shot (9 PTS) (Siakam 2 AST),,,55 - 55,TIE,4,1630169,Tyrese Haliburton,1610612754.0,Indiana,Pacers,IND,4,1627783,Pascal Siakam,1610612754.0,Indiana,Pacers,IND,0,0,,,,,,1
229,0042400403,359,2,79,2,9:41 PM,1:54,,,MISS Gilgeous-Alexander 15' Pullup Jump Shot,,,5,1628983,Shai Gilgeous-Alexander,1610612760.0,Oklahoma City,Thunder,OKC,0,0,,,,,,0,0,,,,,,1
230,0042400403,360,4,0,2,9:41 PM,1:51,Haliburton REBOUND (Off:0 Def:3),,,,,4,1630169,Tyrese Haliburton,1610612754.0,Indiana,Pacers,IND,0,0,,,,,,0,0,,,,,,1
231,0042400403,361,1,103,2,9:41 PM,1:46,Haliburton 26' 3PT Running Pull-Up Jump Shot (12 PTS),,,55 - 58,3,4,1630169,Tyrese Haliburton,1610612754.0,Indiana,Pacers,IND,0,0,,,,,,0,0,,,,,,1
232,0042400403,362,6,2,2,9:41 PM,1:31,Nesmith S.FOUL (P3.PN) (J.Capers),,,,,4,1630174,Aaron Nesmith,1610612754.0,Indiana,Pacers,IND,5,1631114,Jalen Williams,1610612760.0,Oklahoma City,Thunder,OKC,1,0,,,,,,1
233,0042400403,364,3,11,2,9:42 PM,1:31,,,Jal. Williams Free Throw 1 of 2 (9 PTS),56 - 58,2,5,1631114,Jalen Williams,1610612760.0,Oklahoma City,Thunder,OKC,0,0,,,,,,0,0,,,,,,1
234,0042400403,370,3,12,2,9:42 PM,1:31,,,MISS Jal. Williams Free Throw 2 of 2,,,5,1631114,Jalen Williams,1610612760.0,Oklahoma City,Thunder,OKC,0,0,,,,,,0,0,,,,,,1
235,0042400403,365,8,0,2,9:42 PM,1:31,SUB: Mathurin FOR Nesmith,,,,,4,1630174,Aaron Nesmith,1610612754.0,Indiana,Pacers,IND,4,1631097,Bennedict Mathurin,1610612754.0,Indiana,Pacers,IND,0,0,,,,,,0
236,0042400403,366,8,0,2,9:42 PM,1:31,,,SUB: Holmgren FOR Hartenstein,,,5,1628392,Isaiah Hartenstein,1610612760.0,Oklahoma City,Thunder,OKC,5,1631096,Chet Holmgren,1610612760.0,Oklahoma City,Thunder,OKC,0,0,,,,,,0
237,0042400403,371,4,0,2,9:42 PM,1:29,PACERS Rebound,,,,,2,1610612754,,,,,,0,0,,,,,,0,0,,,,,,0
238,0042400403,372,6,2,2,9:43 PM,1:21,,,Jal. Williams S.FOUL (P1.PN) (J.Capers),,,5,1631114,Jalen Williams,1610612760.0,Oklahoma City,Thunder,OKC,4,1627783,Pascal Siakam,1610612754.0,Indiana,Pacers,IND,1,0,,,,,,1
239,0042400403,374,3,11,2,9:43 PM,1:21,Siakam Free Throw 1 of 2 (12 PTS),,,56 - 59,3,4,1627783,Pascal Siakam,1610612754.0,Indiana,Pacers,IND,0,0,,,,,,0,0,,,,,,1
240,0042400403,375,3,12,2,9:44 PM,1:21,Siakam Free Throw 2 of 2 (13 PTS),,,56 - 60,4,4,1627783,Pascal Siakam,1610612754.0,Indiana,Pacers,IND,0,0,,,,,,0,0,,,,,,1
241,0042400403,376,6,2,2,9:44 PM,1:02,Siakam S.FOUL (P3.PN) (J.Capers),,,,,4,1627783,Pascal Siakam,1610612754.0,Indiana,Pacers,IND,5,1631114,Jalen Williams,1610612760.0,Oklahoma City,Thunder,OKC,1,0,,,,,,1
242,0042400403,378,3,11,2,9:44 PM,1:02,,,Jal. Williams Free Throw 1 of 2 (10 PTS),57 - 60,3,5,1631114,Jalen Williams,1610612760.0,Oklahoma City,Thunder,OKC,0,0,,,,,,0,0,,,,,,1
243,0042400403,379,8,0,2,9:44 PM,1:02,SUB: Toppin FOR Siakam,,,,,4,1627783,Pascal Siakam,1610612754.0,Indiana,Pacers,IND,4,1630167,Obi Toppin,1610612754.0,Indiana,Pacers,IND,0,0,,,,,,0
244,0042400403,381,3,12,2,9:45 PM,1:02,,,Jal. Williams Free Throw 2 of 2 (11 PTS),58 - 60,2,5,1631114,Jalen Williams,1610612760.0,Oklahoma City,Thunder,OKC,0,0,,,,,,0,0,,,,,,1
245,0042400403,382,6,1,2,9:45 PM,0:50,,,Wallace P.FOUL (P1.PN) (T.Ford),,,5,1641717,Cason Wallace,1610612760.0,Oklahoma City,Thunder,OKC,4,204456,T.J. McConnell,1610612754.0,Indiana,Pacers,IND,1,0,,,,,,1
246,0042400403,384,3,11,2,9:46 PM,0:50,McConnell Free Throw 1 of 2 (3 PTS),,,58 - 61,3,4,204456,T.J. McConnell,1610612754.0,Indiana,Pacers,IND,0,0,,,,,,0,0,,,,,,1
247,0042400403,385,8,0,2,9:46 PM,0:50,,,SUB: Joe FOR Wallace,,,5,1641717,Cason Wallace,1610612760.0,Oklahoma City,Thunder,OKC,5,1630198,Isaiah Joe,1610612760.0,Oklahoma City,Thunder,OKC,0,0,,,,,,0
248,0042400403,387,3,12,2,9:46 PM,0:50,McConnell Free Throw 2 of 2 (4 PTS),,,58 - 62,4,4,204456,T.J. McConnell,1610612754.0,Indiana,Pacers,IND,0,0,,,,,,0,0,,,,,,1
249,0042400403,388,1,75,2,9:46 PM,0:35,,,Gilgeous-Alexander 3' Driving Finger Roll Layup (12 PTS),60 - 62,2,5,1628983,Shai Gilgeous-Alexander,1610612760.0,Oklahoma City,Thunder,OKC,0,0,,,,,,0,0,,,,,,1
250,0042400403,389,2,98,2,9:47 PM,0:25,MISS Sheppard 5' Cutting Layup Shot,,Gilgeous-Alexander BLOCK (2 BLK),,,4,1641767,Ben Sheppard,1610612754.0,Indiana,Pacers,IND,0,0,,,,,,5,1628983,Shai Gilgeous-Alexander,1610612760.0,Oklahoma City,Thunder,OKC,1
251,0042400403,391,4,0,2,9:47 PM,0:25,,,Gilgeous-Alexander REBOUND (Off:0 Def:4),,,5,1628983,Shai Gilgeous-Alexander,1610612760.0,Oklahoma City,Thunder,OKC,0,0,,,,,,0,0,,,,,,1
252,0042400403,393,5,39,2,9:47 PM,0:25,,,Gilgeous-Alexander Step Out of Bounds Turnover (P3.T11),,,5,1628983,Shai Gilgeous-Alexander,1610612760.0,Oklahoma City,Thunder,OKC,0,0,,,,,,1,0,,,,,,1
253,0042400403,394,1,63,2,9:47 PM,0:07,McConnell 12' Fadeaway Jumper (6 PTS),,,60 - 64,4,4,204456,T.J. McConnell,1610612754.0,Indiana,Pacers,IND,0,0,,,,,,0,0,,,,,,1
254,0042400403,397,13,0,2,9:48 PM,0:00,,End of 2nd Period (9:48 PM EST),,60 - 64,4,0,0,,,,,,0,0,,,,,,0,0,,,,,,1
255,0042400403,410,12,0,3,10:05 PM,12:00,,Start of 3rd Period (10:05 PM EST),,60 - 64,4,0,0,,,,,,0,0,,,,,,0,0,,,,,,0
256,0042400403,411,2,75,3,10:06 PM,11:41,MISS Nesmith 3' Driving Finger Roll Layup,,Gilgeous-Alexander BLOCK (3 BLK),,,4,1630174,Aaron Nesmith,1610612754.0,Indiana,Pacers,IND,0,0,,,,,,5,1628983,Shai Gilgeous-Alexander,1610612760.0,Oklahoma City,Thunder,OKC,1
257,0042400403,413,4,0,3,10:06 PM,11:41,,,Gilgeous-Alexander REBOUND (Off:0 Def:5),,,5,1628983,Shai Gilgeous-Alexander,1610612760.0,Oklahoma City,Thunder,OKC,0,0,,,,,,0,0,,,,,,1
258,0042400403,414,1,6,3,10:06 PM,11:32,,,Jal. Williams 3' Driving Layup (13 PTS) (Gilgeous-Alexander 4 AST),62 - 64,2,5,1631114,Jalen Williams,1610612760.0,Oklahoma City,Thunder,OKC,5,1628983,Shai Gilgeous-Alexander,1610612760.0,Oklahoma City,Thunder,OKC,0,0,,,,,,1
259,0042400403,415,2,1,3,10:06 PM,11:15,MISS Turner 3PT Jump Shot,,,,,4,1626167,Myles Turner,1610612754.0,Indiana,Pacers,IND,0,0,,,,,,0,0,,,,,,1
260,0042400403,416,4,0,3,10:06 PM,11:13,,,Jal. Williams REBOUND (Off:2 Def:3),,,5,1631114,Jalen Williams,1610612760.0,Oklahoma City,Thunder,OKC,0,0,,,,,,0,0,,,,,,1
261,0042400403,418,1,79,3,10:06 PM,11:01,,,Jal. Williams 17' Pullup Jump Shot (15 PTS),64 - 64,TIE,5,1631114,Jalen Williams,1610612760.0,Oklahoma City,Thunder,OKC,0,0,,,,,,0,0,,,,,,1
262,0042400403,420,2,78,3,10:06 PM,10:45,MISS Siakam 6' Floating Jump Shot,,,,,4,1627783,Pascal Siakam,1610612754.0,Indiana,Pacers,IND,0,0,,,,,,0,0,,,,,,1
263,0042400403,421,4,0,3,10:06 PM,10:44,,,Holmgren REBOUND (Off:0 Def:6),,,5,1631096,Chet Holmgren,1610612760.0,Oklahoma City,Thunder,OKC,0,0,,,,,,0,0,,,,,,1
264,0042400403,422,1,79,3,10:07 PM,10:37,,,Gilgeous-Alexander 15' Pullup Jump Shot (14 PTS),66 - 64,-2,5,1628983,Shai Gilgeous-Alexander,1610612760.0,Oklahoma City,Thunder,OKC,0,0,,,,,,0,0,,,,,,1
265,0042400403,423,9,1,3,10:07 PM,10:34,PACERS Timeout: Regular (Full 4 Short 0),,,,,2,1610612754,,,,,,0,0,,,,,,0,0,,,,,,0
266,0042400403,424,2,1,3,10:11 PM,10:19,MISS Turner 16' Jump Shot,,,,,4,1626167,Myles Turner,1610612754.0,Indiana,Pacers,IND,0,0,,,,,,0,0,,,,,,1
267,0042400403,425,4,0,3,10:11 PM,10:15,,,Holmgren REBOUND (Off:0 Def:7),,,5,1631096,Chet Holmgren,1610612760.0,Oklahoma City,Thunder,OKC,0,0,,,,,,0,0,,,,,,1
268,0042400403,426,1,101,3,10:11 PM,10:08,,,Jal. Williams 9' Driving Floating Jump Shot (17 PTS),68 - 64,-4,5,1631114,Jalen Williams,1610612760.0,Oklahoma City,Thunder,OKC,0,0,,,,,,0,0,,,,,,1
269,0042400403,427,2,108,3,10:11 PM,9:54,MISS Turner 1' Cutting Dunk Shot,,,,,4,1626167,Myles Turner,1610612754.0,Indiana,Pacers,IND,0,0,,,,,,0,0,,,,,,1
270,0042400403,428,4,0,3,10:11 PM,9:50,,,Wallace REBOUND (Off:0 Def:3),,,5,1641717,Cason Wallace,1610612760.0,Oklahoma City,Thunder,OKC,0,0,,,,,,0,0,,,,,,1
271,0042400403,429,2,103,3,10:11 PM,9:45,,,MISS Gilgeous-Alexander 25' 3PT Running Pull-Up Jump Shot,,,5,1628983,Shai Gilgeous-Alexander,1610612760.0,Oklahoma City,Thunder,OKC,0,0,,,,,,0,0,,,,,,1
272,0042400403,430,4,0,3,10:11 PM,9:42,,,Gilgeous-Alexander REBOUND (Off:1 Def:5),,,5,1628983,Shai Gilgeous-Alexander,1610612760.0,Oklahoma City,Thunder,OKC,0,0,,,,,,0,0,,,,,,1
273,0042400403,431,2,1,3,10:11 PM,9:39,,,MISS Holmgren 27' 3PT Jump Shot,,,5,1631096,Chet Holmgren,1610612760.0,Oklahoma City,Thunder,OKC,0,0,,,,,,0,0,,,,,,1
274,0042400403,432,4,0,3,10:11 PM,9:38,Haliburton REBOUND (Off:0 Def:4),,,,,4,1630169,Tyrese Haliburton,1610612754.0,Indiana,Pacers,IND,0,0,,,,,,0,0,,,,,,1
275,0042400403,433,6,2,3,10:11 PM,9:31,,,Gilgeous-Alexander S.FOUL (P2.T1) (T.Ford),,,5,1628983,Shai Gilgeous-Alexander,1610612760.0,Oklahoma City,Thunder,OKC,4,1626167,Myles Turner,1610612754.0,Indiana,Pacers,IND,1,0,,,,,,1
276,0042400403,435,3,11,3,10:12 PM,9:31,Turner Free Throw 1 of 2 (4 PTS),,,68 - 65,-3,4,1626167,Myles Turner,1610612754.0,Indiana,Pacers,IND,0,0,,,,,,0,0,,,,,,1
277,0042400403,436,3,12,3,10:12 PM,9:31,Turner Free Throw 2 of 2 (5 PTS),,,68 - 66,-2,4,1626167,Myles Turner,1610612754.0,Indiana,Pacers,IND,0,0,,,,,,0,0,,,,,,1
278,0042400403,437,10,0,3,10:13 PM,9:18,Jump Ball Turner vs. Gilgeous-Alexander: Tip to Nembhard,,,,,4,1626167,Myles Turner,1610612754.0,Indiana,Pacers,IND,5,1628983,Shai Gilgeous-Alexander,1610612760.0,Oklahoma City,Thunder,OKC,4,1629614,Andrew Nembhard,1610612754.0,Indiana,Pacers,IND,1
279,0042400403,440,5,2,3,10:13 PM,9:18,Turner STEAL (1 STL),,Gilgeous-Alexander Lost Ball Turnover (P4.T12),,,5,1628983,Shai Gilgeous-Alexander,1610612760.0,Oklahoma City,Thunder,OKC,4,1626167,Myles Turner,1610612754.0,Indiana,Pacers,IND,0,0,,,,,,1
280,0042400403,442,1,1,3,10:14 PM,8:56,Nesmith 19' Jump Shot (4 PTS) (Siakam 3 AST),,,68 - 68,TIE,4,1630174,Aaron Nesmith,1610612754.0,Indiana,Pacers,IND,4,1627783,Pascal Siakam,1610612754.0,Indiana,Pacers,IND,0,0,,,,,,1
281,0042400403,444,2,1,3,10:14 PM,8:43,,,MISS Wallace 3PT Jump Shot,,,5,1641717,Cason Wallace,1610612760.0,Oklahoma City,Thunder,OKC,0,0,,,,,,0,0,,,,,,1
282,0042400403,445,4,0,3,10:14 PM,8:40,Siakam REBOUND (Off:0 Def:5),,,,,4,1627783,Pascal Siakam,1610612754.0,Indiana,Pacers,IND,0,0,,,,,,0,0,,,,,,1
283,0042400403,446,2,1,3,10:14 PM,8:29,MISS Turner 26' 3PT Jump Shot,,,,,4,1626167,Myles Turner,1610612754.0,Indiana,Pacers,IND,0,0,,,,,,0,0,,,,,,1
284,0042400403,447,4,0,3,10:14 PM,8:26,Nesmith REBOUND (Off:1 Def:1),,,,,4,1630174,Aaron Nesmith,1610612754.0,Indiana,Pacers,IND,0,0,,,,,,0,0,,,,,,1
285,0042400403,448,1,6,3,10:14 PM,8:17,Haliburton 2' Driving Layup (14 PTS) (Siakam 4 AST),,,68 - 70,2,4,1630169,Tyrese Haliburton,1610612754.0,Indiana,Pacers,IND,4,1627783,Pascal Siakam,1610612754.0,Indiana,Pacers,IND,0,0,,,,,,1
286,0042400403,449,1,102,3,10:15 PM,8:04,,,Wallace 4' Driving Floating Bank Jump Shot (4 PTS),70 - 70,TIE,5,1641717,Cason Wallace,1610612760.0,Oklahoma City,Thunder,OKC,0,0,,,,,,0,0,,,,,,1
287,0042400403,450,1,1,3,10:15 PM,7:51,Turner 15' Jump Shot (7 PTS) (Haliburton 8 AST),,,70 - 72,2,4,1626167,Myles Turner,1610612754.0,Indiana,Pacers,IND,4,1630169,Tyrese Haliburton,1610612754.0,Indiana,Pacers,IND,0,0,,,,,,1
288,0042400403,453,5,1,3,10:15 PM,7:33,Haliburton STEAL (2 STL),,Gilgeous-Alexander Bad Pass Turnover (P5.T13),,,5,1628983,Shai Gilgeous-Alexander,1610612760.0,Oklahoma City,Thunder,OKC,4,1630169,Tyrese Haliburton,1610612754.0,Indiana,Pacers,IND,0,0,,,,,,1
289,0042400403,455,1,9,3,10:15 PM,7:30,Haliburton 1' Driving Dunk (16 PTS),,,70 - 74,4,4,1630169,Tyrese Haliburton,1610612754.0,Indiana,Pacers,IND,0,0,,,,,,0,0,,,,,,1
290,0042400403,456,1,79,3,10:16 PM,7:08,,,Gilgeous-Alexander 27' 3PT Pullup Jump Shot (17 PTS),73 - 74,1,5,1628983,Shai Gilgeous-Alexander,1610612760.0,Oklahoma City,Thunder,OKC,0,0,,,,,,0,0,,,,,,1
291,0042400403,457,6,2,3,10:16 PM,6:58,,,Wallace S.FOUL (P2.T2) (T.Ford),,,5,1641717,Cason Wallace,1610612760.0,Oklahoma City,Thunder,OKC,4,1627783,Pascal Siakam,1610612754.0,Indiana,Pacers,IND,1,0,,,,,,1
292,0042400403,459,3,11,3,10:16 PM,6:58,Siakam Free Throw 1 of 2 (14 PTS),,,73 - 75,2,4,1627783,Pascal Siakam,1610612754.0,Indiana,Pacers,IND,0,0,,,,,,0,0,,,,,,1
293,0042400403,460,8,0,3,10:16 PM,6:58,,,SUB: Caruso FOR Wallace,,,5,1641717,Cason Wallace,1610612760.0,Oklahoma City,Thunder,OKC,5,1627936,Alex Caruso,1610612760.0,Oklahoma City,Thunder,OKC,0,0,,,,,,0
294,0042400403,462,8,0,3,10:17 PM,6:58,SUB: Mathurin FOR Nesmith,,,,,4,1630174,Aaron Nesmith,1610612754.0,Indiana,Pacers,IND,4,1631097,Bennedict Mathurin,1610612754.0,Indiana,Pacers,IND,0,0,,,,,,0
295,0042400403,464,3,12,3,10:17 PM,6:58,Siakam Free Throw 2 of 2 (15 PTS),,,73 - 76,3,4,1627783,Pascal Siakam,1610612754.0,Indiana,Pacers,IND,0,0,,,,,,0,0,,,,,,1
296,0042400403,465,1,80,3,10:17 PM,6:43,,,Dort 24' 3PT Step Back Jump Shot (12 PTS) (Holmgren 2 AST),76 - 76,TIE,5,1629652,Luguentz Dort,1610612760.0,Oklahoma City,Thunder,OKC,5,1631096,Chet Holmgren,1610612760.0,Oklahoma City,Thunder,OKC,0,0,,,,,,1
297,0042400403,467,2,1,3,10:18 PM,6:16,MISS Haliburton 25' 3PT Jump Shot,,,,,4,1630169,Tyrese Haliburton,1610612754.0,Indiana,Pacers,IND,0,0,,,,,,0,0,,,,,,1
298,0042400403,468,4,0,3,10:18 PM,6:11,,,Gilgeous-Alexander REBOUND (Off:1 Def:6),,,5,1628983,Shai Gilgeous-Alexander,1610612760.0,Oklahoma City,Thunder,OKC,0,0,,,,,,0,0,,,,,,1
299,0042400403,472,2,63,3,10:18 PM,5:53,,,MISS Jal. Williams 17' Fadeaway Jumper,,,5,1631114,Jalen Williams,1610612760.0,Oklahoma City,Thunder,OKC,0,0,,,,,,0,0,,,,,,1
300,0042400403,473,4,0,3,10:18 PM,5:51,Nembhard REBOUND (Off:0 Def:1),,,,,4,1629614,Andrew Nembhard,1610612754.0,Indiana,Pacers,IND,0,0,,,,,,0,0,,,,,,1
301,0042400403,474,1,80,3,10:18 PM,5:43,Haliburton 27' 3PT Step Back Jump Shot (19 PTS) (Mathurin 1 AST),,,76 - 79,3,4,1630169,Tyrese Haliburton,1610612754.0,Indiana,Pacers,IND,4,1631097,Bennedict Mathurin,1610612754.0,Indiana,Pacers,IND,0,0,,,,,,1
302,0042400403,475,9,1,3,10:18 PM,5:40,,,Thunder Timeout: Regular (Reg.3 Short 0),,,3,1610612760,,,,,,0,0,,,,,,0,0,,,,,,0
303,0042400403,477,8,0,3,10:22 PM,5:40,SUB: Toppin FOR Turner,,,,,4,1626167,Myles Turner,1610612754.0,Indiana,Pacers,IND,4,1630167,Obi Toppin,1610612754.0,Indiana,Pacers,IND,0,0,,,,,,0
304,0042400403,478,8,0,3,10:22 PM,5:40,SUB: Bryant FOR Siakam,,,,,4,1627783,Pascal Siakam,1610612754.0,Indiana,Pacers,IND,4,1628418,Thomas Bryant,1610612754.0,Indiana,Pacers,IND,0,0,,,,,,0
305,0042400403,479,8,0,3,10:22 PM,5:40,,,SUB: Hartenstein FOR Holmgren,,,5,1631096,Chet Holmgren,1610612760.0,Oklahoma City,Thunder,OKC,5,1628392,Isaiah Hartenstein,1610612760.0,Oklahoma City,Thunder,OKC,0,0,,,,,,0
306,0042400403,483,2,108,3,10:22 PM,5:26,,,MISS Jal. Williams 2' Cutting Dunk Shot,,,5,1631114,Jalen Williams,1610612760.0,Oklahoma City,Thunder,OKC,0,0,,,,,,0,0,,,,,,1
307,0042400403,484,4,0,3,10:22 PM,5:24,Haliburton REBOUND (Off:0 Def:5),,,,,4,1630169,Tyrese Haliburton,1610612754.0,Indiana,Pacers,IND,0,0,,,,,,0,0,,,,,,1
308,0042400403,485,5,1,3,10:23 PM,5:16,Haliburton Bad Pass Turnover (P3.T8),,Caruso STEAL (1 STL),,,4,1630169,Tyrese Haliburton,1610612754.0,Indiana,Pacers,IND,5,1627936,Alex Caruso,1610612760.0,Oklahoma City,Thunder,OKC,0,0,,,,,,1
309,0042400403,487,1,1,3,10:23 PM,5:09,,,Caruso 28' 3PT Jump Shot (6 PTS) (Jal. Williams 2 AST),79 - 79,TIE,5,1627936,Alex Caruso,1610612760.0,Oklahoma City,Thunder,OKC,5,1631114,Jalen Williams,1610612760.0,Oklahoma City,Thunder,OKC,0,0,,,,,,1
310,0042400403,490,1,79,3,10:23 PM,4:50,Mathurin 18' Pullup Jump Shot (16 PTS),,,79 - 81,2,4,1631097,Bennedict Mathurin,1610612754.0,Indiana,Pacers,IND,0,0,,,,,,0,0,,,,,,0
311,0042400403,491,2,80,3,10:24 PM,4:33,,,MISS Jal. Williams 19' Step Back Jump Shot,,,5,1631114,Jalen Williams,1610612760.0,Oklahoma City,Thunder,OKC,0,0,,,,,,0,0,,,,,,1
312,0042400403,492,4,0,3,10:24 PM,4:29,Nembhard REBOUND (Off:0 Def:2),,,,,4,1629614,Andrew Nembhard,1610612754.0,Indiana,Pacers,IND,0,0,,,,,,0,0,,,,,,1
313,0042400403,493,6,1,3,10:24 PM,4:24,,,Jal. Williams P.FOUL (P2.T3) (J.Capers),,,5,1631114,Jalen Williams,1610612760.0,Oklahoma City,Thunder,OKC,4,1628418,Thomas Bryant,1610612754.0,Indiana,Pacers,IND,1,0,,,,,,1
314,0042400403,495,8,0,3,10:24 PM,4:24,,,SUB: Holmgren FOR Jal. Williams,,,5,1631114,Jalen Williams,1610612760.0,Oklahoma City,Thunder,OKC,5,1631096,Chet Holmgren,1610612760.0,Oklahoma City,Thunder,OKC,0,0,,,,,,0
315,0042400403,497,2,1,3,10:24 PM,4:11,MISS Toppin 26' 3PT Jump Shot,,,,,4,1630167,Obi Toppin,1610612754.0,Indiana,Pacers,IND,0,0,,,,,,0,0,,,,,,1
316,0042400403,498,4,0,3,10:25 PM,4:07,,,Hartenstein REBOUND (Off:0 Def:2),,,5,1628392,Isaiah Hartenstein,1610612760.0,Oklahoma City,Thunder,OKC,0,0,,,,,,0,0,,,,,,1
317,0042400403,499,2,86,3,10:25 PM,3:46,,,MISS Gilgeous-Alexander 17' Turnaround Fadeaway Shot,,,5,1628983,Shai Gilgeous-Alexander,1610612760.0,Oklahoma City,Thunder,OKC,0,0,,,,,,0,0,,,,,,1
318,0042400403,500,4,0,3,10:25 PM,3:44,Toppin REBOUND (Off:0 Def:4),,,,,4,1630167,Obi Toppin,1610612754.0,Indiana,Pacers,IND,0,0,,,,,,0,0,,,,,,1
319,0042400403,501,5,45,3,10:25 PM,3:41,Toppin Out of Bounds - Bad Pass Turnover Turnover (P1.T9),,,,,4,1630167,Obi Toppin,1610612754.0,Indiana,Pacers,IND,0,0,,,,,,1,0,,,,,,1
320,0042400403,502,2,6,3,10:26 PM,3:22,,,MISS Caruso 3' Driving Layup,,,5,1627936,Alex Caruso,1610612760.0,Oklahoma City,Thunder,OKC,0,0,,,,,,0,0,,,,,,1
321,0042400403,503,4,0,3,10:26 PM,3:20,Mathurin REBOUND (Off:1 Def:2),,,,,4,1631097,Bennedict Mathurin,1610612754.0,Indiana,Pacers,IND,0,0,,,,,,0,0,,,,,,1
322,0042400403,504,2,41,3,10:26 PM,3:16,MISS Toppin 3' Running Layup,,,,,4,1630167,Obi Toppin,1610612754.0,Indiana,Pacers,IND,0,0,,,,,,0,0,,,,,,1
323,0042400403,505,4,0,3,10:26 PM,3:14,,,Hartenstein REBOUND (Off:0 Def:3),,,5,1628392,Isaiah Hartenstein,1610612760.0,Oklahoma City,Thunder,OKC,0,0,,,,,,0,0,,,,,,1
324,0042400403,506,2,1,3,10:26 PM,3:03,,,MISS Holmgren 26' 3PT Jump Shot,,,5,1631096,Chet Holmgren,1610612760.0,Oklahoma City,Thunder,OKC,0,0,,,,,,0,0,,,,,,1
325,0042400403,507,4,0,3,10:26 PM,2:59,,,Dort REBOUND (Off:1 Def:1),,,5,1629652,Luguentz Dort,1610612760.0,Oklahoma City,Thunder,OKC,0,0,,,,,,0,0,,,,,,1
326,0042400403,508,6,2,3,10:26 PM,2:50,Bryant S.FOUL (P2.T1) (J.Capers),,,,,4,1628418,Thomas Bryant,1610612754.0,Indiana,Pacers,IND,5,1628983,Shai Gilgeous-Alexander,1610612760.0,Oklahoma City,Thunder,OKC,1,0,,,,,,1
327,0042400403,510,3,11,3,10:27 PM,2:50,,,Gilgeous-Alexander Free Throw 1 of 2 (18 PTS),80 - 81,1,5,1628983,Shai Gilgeous-Alexander,1610612760.0,Oklahoma City,Thunder,OKC,0,0,,,,,,0,0,,,,,,1
328,0042400403,511,8,0,3,10:27 PM,2:50,SUB: Sheppard FOR Toppin,,,,,4,1630167,Obi Toppin,1610612754.0,Indiana,Pacers,IND,4,1641767,Ben Sheppard,1610612754.0,Indiana,Pacers,IND,0,0,,,,,,0
329,0042400403,512,8,0,3,10:27 PM,2:50,SUB: Turner FOR Nembhard,,,,,4,1629614,Andrew Nembhard,1610612754.0,Indiana,Pacers,IND,4,1626167,Myles Turner,1610612754.0,Indiana,Pacers,IND,0,0,,,,,,0
330,0042400403,513,8,0,3,10:27 PM,2:50,SUB: Siakam FOR Bryant,,,,,4,1628418,Thomas Bryant,1610612754.0,Indiana,Pacers,IND,4,1627783,Pascal Siakam,1610612754.0,Indiana,Pacers,IND,0,0,,,,,,0
331,0042400403,517,3,12,3,10:27 PM,2:50,,,Gilgeous-Alexander Free Throw 2 of 2 (19 PTS),81 - 81,TIE,5,1628983,Shai Gilgeous-Alexander,1610612760.0,Oklahoma City,Thunder,OKC,0,0,,,,,,0,0,,,,,,1
332,0042400403,518,2,79,3,10:27 PM,2:39,MISS Mathurin 25' 3PT Pullup Jump Shot,,,,,4,1631097,Bennedict Mathurin,1610612754.0,Indiana,Pacers,IND,0,0,,,,,,0,0,,,,,,1
333,0042400403,519,4,0,3,10:27 PM,2:35,,,Caruso REBOUND (Off:1 Def:3),,,5,1627936,Alex Caruso,1610612760.0,Oklahoma City,Thunder,OKC,0,0,,,,,,0,0,,,,,,1
334,0042400403,520,1,79,3,10:28 PM,2:18,,,Gilgeous-Alexander 13' Pullup Jump Shot (21 PTS),83 - 81,-2,5,1628983,Shai Gilgeous-Alexander,1610612760.0,Oklahoma City,Thunder,OKC,0,0,,,,,,0,0,,,,,,1
335,0042400403,521,1,75,3,10:28 PM,2:01,Siakam 3' Driving Finger Roll Layup (17 PTS),,,83 - 83,TIE,4,1627783,Pascal Siakam,1610612754.0,Indiana,Pacers,IND,0,0,,,,,,0,0,,,,,,1
336,0042400403,522,7,2,3,10:28 PM,2:01,,,Hartenstein Violation:Defensive Goaltending (J.Capers),,,5,1628392,Isaiah Hartenstein,1610612760.0,Oklahoma City,Thunder,OKC,0,0,,,,,,1,0,,,,,,1
337,0042400403,523,5,2,3,10:29 PM,1:43,Siakam STEAL (1 STL),,Holmgren Lost Ball Turnover (P1.T14),,,5,1631096,Chet Holmgren,1610612760.0,Oklahoma City,Thunder,OKC,4,1627783,Pascal Siakam,1610612754.0,Indiana,Pacers,IND,0,0,,,,,,1
338,0042400403,525,2,79,3,10:29 PM,1:28,MISS Haliburton 27' 3PT Pullup Jump Shot,,,,,4,1630169,Tyrese Haliburton,1610612754.0,Indiana,Pacers,IND,0,0,,,,,,0,0,,,,,,1
339,0042400403,526,4,0,3,10:29 PM,1:23,Sheppard REBOUND (Off:1 Def:1),,,,,4,1641767,Ben Sheppard,1610612754.0,Indiana,Pacers,IND,0,0,,,,,,0,0,,,,,,1
340,0042400403,527,2,1,3,10:29 PM,1:11,MISS Siakam 26' 3PT Jump Shot,,,,,4,1627783,Pascal Siakam,1610612754.0,Indiana,Pacers,IND,0,0,,,,,,0,0,,,,,,1
341,0042400403,528,4,0,3,10:29 PM,1:07,,,Dort REBOUND (Off:1 Def:2),,,5,1629652,Luguentz Dort,1610612760.0,Oklahoma City,Thunder,OKC,0,0,,,,,,0,0,,,,,,1
342,0042400403,529,2,101,3,10:29 PM,0:55,,,MISS Gilgeous-Alexander 5' Driving Floating Jump Shot,,,5,1628983,Shai Gilgeous-Alexander,1610612760.0,Oklahoma City,Thunder,OKC,0,0,,,,,,0,0,,,,,,1
343,0042400403,530,4,0,3,10:29 PM,0:53,Siakam REBOUND (Off:0 Def:6),,,,,4,1627783,Pascal Siakam,1610612754.0,Indiana,Pacers,IND,0,0,,,,,,0,0,,,,,,1
344,0042400403,531,6,2,3,10:29 PM,0:52,,,Caruso S.FOUL (P1.T4) (J.Capers),,,5,1627936,Alex Caruso,1610612760.0,Oklahoma City,Thunder,OKC,4,1631097,Bennedict Mathurin,1610612754.0,Indiana,Pacers,IND,1,0,,,,,,1
345,0042400403,533,3,11,3,10:30 PM,0:52,Mathurin Free Throw 1 of 2 (17 PTS),,,83 - 84,1,4,1631097,Bennedict Mathurin,1610612754.0,Indiana,Pacers,IND,0,0,,,,,,0,0,,,,,,1
346,0042400403,544,3,12,3,10:30 PM,0:52,MISS Mathurin Free Throw 2 of 2,,,,,4,1631097,Bennedict Mathurin,1610612754.0,Indiana,Pacers,IND,0,0,,,,,,0,0,,,,,,1
347,0042400403,534,8,0,3,10:30 PM,0:52,SUB: McConnell FOR Haliburton,,,,,4,1630169,Tyrese Haliburton,1610612754.0,Indiana,Pacers,IND,4,204456,T.J. McConnell,1610612754.0,Indiana,Pacers,IND,0,0,,,,,,0
348,0042400403,535,8,0,3,10:30 PM,0:52,SUB: Toppin FOR Siakam,,,,,4,1627783,Pascal Siakam,1610612754.0,Indiana,Pacers,IND,4,1630167,Obi Toppin,1610612754.0,Indiana,Pacers,IND,0,0,,,,,,0
349,0042400403,536,8,0,3,10:30 PM,0:52,,,SUB: Wiggins FOR Gilgeous-Alexander,,,5,1628983,Shai Gilgeous-Alexander,1610612760.0,Oklahoma City,Thunder,OKC,5,1630598,Aaron Wiggins,1610612760.0,Oklahoma City,Thunder,OKC,0,0,,,,,,0
350,0042400403,537,8,0,3,10:30 PM,0:52,,,SUB: Jal. Williams FOR Dort,,,5,1629652,Luguentz Dort,1610612760.0,Oklahoma City,Thunder,OKC,5,1631114,Jalen Williams,1610612760.0,Oklahoma City,Thunder,OKC,0,0,,,,,,0
351,0042400403,538,8,0,3,10:30 PM,0:52,,,SUB: Wallace FOR Caruso,,,5,1627936,Alex Caruso,1610612760.0,Oklahoma City,Thunder,OKC,5,1641717,Cason Wallace,1610612760.0,Oklahoma City,Thunder,OKC,0,0,,,,,,0
352,0042400403,545,4,0,3,10:30 PM,0:50,,,Wiggins REBOUND (Off:1 Def:1),,,5,1630598,Aaron Wiggins,1610612760.0,Oklahoma City,Thunder,OKC,0,0,,,,,,0,0,,,,,,1
353,0042400403,546,1,108,3,10:31 PM,0:34,,,Holmgren 1' Cutting Dunk Shot (17 PTS) (Jal. Williams 3 AST),85 - 84,-1,5,1631096,Chet Holmgren,1610612760.0,Oklahoma City,Thunder,OKC,5,1631114,Jalen Williams,1610612760.0,Oklahoma City,Thunder,OKC,0,0,,,,,,1
354,0042400403,548,6,2,3,10:31 PM,0:34,McConnell S.FOUL (P1.T2) (T.Ford),,,,,4,204456,T.J. McConnell,1610612754.0,Indiana,Pacers,IND,5,1631096,Chet Holmgren,1610612760.0,Oklahoma City,Thunder,OKC,1,0,,,,,,1
355,0042400403,550,8,0,3,10:32 PM,0:34,,,SUB: Caruso FOR Hartenstein,,,5,1628392,Isaiah Hartenstein,1610612760.0,Oklahoma City,Thunder,OKC,5,1627936,Alex Caruso,1610612760.0,Oklahoma City,Thunder,OKC,0,0,,,,,,0
356,0042400403,552,8,0,3,10:32 PM,0:34,SUB: Nesmith FOR Mathurin,,,,,4,1631097,Bennedict Mathurin,1610612754.0,Indiana,Pacers,IND,4,1630174,Aaron Nesmith,1610612754.0,Indiana,Pacers,IND,0,0,,,,,,0
357,0042400403,554,3,10,3,10:32 PM,0:34,,,Holmgren Free Throw 1 of 1 (18 PTS),86 - 84,-2,5,1631096,Chet Holmgren,1610612760.0,Oklahoma City,Thunder,OKC,0,0,,,,,,0,0,,,,,,1
358,0042400403,555,2,86,3,10:32 PM,0:13,MISS McConnell 7' Turnaround Fadeaway Shot,,,,,4,204456,T.J. McConnell,1610612754.0,Indiana,Pacers,IND,0,0,,,,,,0,0,,,,,,1
359,0042400403,556,4,0,3,10:32 PM,0:10,,,Caruso REBOUND (Off:1 Def:4),,,5,1627936,Alex Caruso,1610612760.0,Oklahoma City,Thunder,OKC,0,0,,,,,,0,0,,,,,,1
360,0042400403,557,1,79,3,10:33 PM,0:02,,,Jal. Williams 26' 3PT Pullup Jump Shot (20 PTS),89 - 84,-5,5,1631114,Jalen Williams,1610612760.0,Oklahoma City,Thunder,OKC,0,0,,,,,,0,0,,,,,,1
361,0042400403,558,2,1,3,10:33 PM,0:00,MISS McConnell 87' 3PT Jump Shot,,,,,4,204456,T.J. McConnell,1610612754.0,Indiana,Pacers,IND,0,0,,,,,,0,0,,,,,,1
362,0042400403,559,4,0,3,10:33 PM,0:00,PACERS Rebound,,,,,2,1610612754,,,,,,0,0,,,,,,0,0,,,,,,0
363,0042400403,560,13,0,3,10:33 PM,0:00,,End of 3rd Period (10:33 PM EST),,89 - 84,-5,0,0,,,,,,0,0,,,,,,0,0,,,,,,1
364,0042400403,567,12,0,4,10:36 PM,12:00,,Start of 4th Period (10:36 PM EST),,89 - 84,-5,0,0,,,,,,0,0,,,,,,0,0,,,,,,0
365,0042400403,568,2,78,4,10:37 PM,11:42,,,MISS Jal. Williams 9' Floating Jump Shot,,,5,1631114,Jalen Williams,1610612760.0,Oklahoma City,Thunder,OKC,0,0,,,,,,0,0,,,,,,0
366,0042400403,569,4,0,4,10:37 PM,11:39,Mathurin REBOUND (Off:1 Def:3),,,,,4,1631097,Bennedict Mathurin,1610612754.0,Indiana,Pacers,IND,0,0,,,,,,0,0,,,,,,0
367,0042400403,570,1,101,4,10:37 PM,11:23,Mathurin 11' Driving Floating Jump Shot (19 PTS),,,89 - 86,-3,4,1631097,Bennedict Mathurin,1610612754.0,Indiana,Pacers,IND,0,0,,,,,,0,0,,,,,,1
368,0042400403,571,6,2,4,10:37 PM,11:23,,,Jal. Williams S.FOUL (P3.T1) (T.Brothers),,,5,1631114,Jalen Williams,1610612760.0,Oklahoma City,Thunder,OKC,4,1631097,Bennedict Mathurin,1610612754.0,Indiana,Pacers,IND,1,0,,,,,,1
369,0042400403,573,3,10,4,10:38 PM,11:23,Mathurin Free Throw 1 of 1 (20 PTS),,,89 - 87,-2,4,1631097,Bennedict Mathurin,1610612754.0,Indiana,Pacers,IND,0,0,,,,,,0,0,,,,,,1
370,0042400403,574,1,57,4,10:38 PM,11:04,,,Wallace 6' Driving Hook Shot (6 PTS) (Caruso 3 AST),91 - 87,-4,5,1641717,Cason Wallace,1610612760.0,Oklahoma City,Thunder,OKC,5,1627936,Alex Caruso,1610612760.0,Oklahoma City,Thunder,OKC,0,0,,,,,,1
371,0042400403,575,1,6,4,10:38 PM,10:52,McConnell 2' Driving Layup (8 PTS),,,91 - 89,-2,4,204456,T.J. McConnell,1610612754.0,Indiana,Pacers,IND,0,0,,,,,,0,0,,,,,,1
372,0042400403,577,1,93,4,10:38 PM,10:37,,,Hartenstein 8' Driving Bank Hook Shot (4 PTS),93 - 89,-4,5,1628392,Isaiah Hartenstein,1610612760.0,Oklahoma City,Thunder,OKC,0,0,,,,,,0,0,,,,,,1
373,0042400403,578,6,1,4,10:39 PM,10:28,,,Wiggins P.FOUL (P3.T2) (T.Ford),,,5,1630598,Aaron Wiggins,1610612760.0,Oklahoma City,Thunder,OKC,4,1630167,Obi Toppin,1610612754.0,Indiana,Pacers,IND,1,0,,,,,,1
374,0042400403,580,1,75,4,10:39 PM,10:22,Mathurin 4' Driving Finger Roll Layup (22 PTS),,,93 - 91,-2,4,1631097,Bennedict Mathurin,1610612754.0,Indiana,Pacers,IND,0,0,,,,,,0,0,,,,,,1
375,0042400403,581,5,1,4,10:39 PM,9:59,McConnell STEAL (4 STL),,Hartenstein Bad Pass Turnover (P2.T15),,,5,1628392,Isaiah Hartenstein,1610612760.0,Oklahoma City,Thunder,OKC,4,204456,T.J. McConnell,1610612754.0,Indiana,Pacers,IND,0,0,,,,,,1
376,0042400403,587,5,45,4,10:40 PM,9:56,McConnell Out of Bounds - Bad Pass Turnover Turnover (P2.T10),,,,,4,204456,T.J. McConnell,1610612754.0,Indiana,Pacers,IND,0,0,,,,,,1,0,,,,,,1
377,0042400403,584,9,1,4,10:40 PM,9:56,,,Thunder Timeout: Regular (Reg.4 Short 0),,,3,1610612760,,,,,,0,0,,,,,,0,0,,,,,,0
378,0042400403,586,18,5,4,10:40 PM,9:56,,Instant Replay4th Period (10:40 PM EST),,93 - 91,-2,0,583,,,,,,0,0,,,,,,1,0,,,,,,1
379,0042400403,588,8,0,4,10:43 PM,9:56,SUB: Nembhard FOR Sheppard,,,,,4,1641767,Ben Sheppard,1610612754.0,Indiana,Pacers,IND,4,1629614,Andrew Nembhard,1610612754.0,Indiana,Pacers,IND,0,0,,,,,,0
380,0042400403,589,8,0,4,10:43 PM,9:56,,,SUB: Gilgeous-Alexander FOR Wiggins,,,5,1630598,Aaron Wiggins,1610612760.0,Oklahoma City,Thunder,OKC,5,1628983,Shai Gilgeous-Alexander,1610612760.0,Oklahoma City,Thunder,OKC,0,0,,,,,,0
381,0042400403,590,8,0,4,10:43 PM,9:56,,,SUB: Holmgren FOR Wallace,,,5,1641717,Cason Wallace,1610612760.0,Oklahoma City,Thunder,OKC,5,1631096,Chet Holmgren,1610612760.0,Oklahoma City,Thunder,OKC,0,0,,,,,,0
382,0042400403,591,8,0,4,10:43 PM,9:56,,,SUB: Dort FOR Hartenstein,,,5,1628392,Isaiah Hartenstein,1610612760.0,Oklahoma City,Thunder,OKC,5,1629652,Luguentz Dort,1610612760.0,Oklahoma City,Thunder,OKC,0,0,,,,,,0
383,0042400403,596,1,98,4,10:44 PM,9:44,,,Holmgren 2' Cutting Layup Shot (20 PTS) (Caruso 4 AST),95 - 91,-4,5,1631096,Chet Holmgren,1610612760.0,Oklahoma City,Thunder,OKC,5,1627936,Alex Caruso,1610612760.0,Oklahoma City,Thunder,OKC,0,0,,,,,,1
384,0042400403,598,2,79,4,10:44 PM,9:18,MISS Siakam 18' Pullup Jump Shot,,,,,4,1627783,Pascal Siakam,1610612754.0,Indiana,Pacers,IND,0,0,,,,,,0,0,,,,,,1
385,0042400403,599,4,0,4,10:44 PM,9:17,PACERS Rebound,,,,,2,1610612754,,,,,,0,0,,,,,,0,0,,,,,,0
386,0042400403,600,5,11,4,10:44 PM,9:17,PACERS Turnover: Shot Clock (T#11),,,,,2,1610612754,,,,,,0,0,,,,,,1,0,,,,,,1
387,0042400403,601,5,1,4,10:45 PM,9:04,Siakam STEAL (2 STL),,Jal. Williams Bad Pass Turnover (P3.T16),,,5,1631114,Jalen Williams,1610612760.0,Oklahoma City,Thunder,OKC,4,1627783,Pascal Siakam,1610612754.0,Indiana,Pacers,IND,0,0,,,,,,0
388,0042400403,603,2,5,4,10:45 PM,8:43,MISS McConnell 1' Layup,,,,,4,204456,T.J. McConnell,1610612754.0,Indiana,Pacers,IND,0,0,,,,,,0,0,,,,,,1
389,0042400403,604,4,0,4,10:45 PM,8:41,Nembhard REBOUND (Off:1 Def:2),,,,,4,1629614,Andrew Nembhard,1610612754.0,Indiana,Pacers,IND,0,0,,,,,,0,0,,,,,,1
390,0042400403,605,1,1,4,10:45 PM,8:39,Nembhard 14' Jump Shot (6 PTS),,,95 - 93,-2,4,1629614,Andrew Nembhard,1610612754.0,Indiana,Pacers,IND,0,0,,,,,,0,0,,,,,,1
391,0042400403,606,5,1,4,10:45 PM,8:35,McConnell STEAL (5 STL),,Caruso Bad Pass Turnover (P1.T17),,,5,1627936,Alex Caruso,1610612760.0,Oklahoma City,Thunder,OKC,4,204456,T.J. McConnell,1610612754.0,Indiana,Pacers,IND,0,0,,,,,,1
392,0042400403,608,1,5,4,10:45 PM,8:33,McConnell 2' Layup (10 PTS),,,95 - 95,TIE,4,204456,T.J. McConnell,1610612754.0,Indiana,Pacers,IND,0,0,,,,,,0,0,,,,,,1
393,0042400403,609,6,2,4,10:46 PM,8:09,Nembhard S.FOUL (P4.T1) (T.Ford),,,,,4,1629614,Andrew Nembhard,1610612754.0,Indiana,Pacers,IND,5,1628983,Shai Gilgeous-Alexander,1610612760.0,Oklahoma City,Thunder,OKC,1,0,,,,,,1
394,0042400403,611,3,11,4,10:46 PM,8:09,,,MISS Gilgeous-Alexander Free Throw 1 of 2,,,5,1628983,Shai Gilgeous-Alexander,1610612760.0,Oklahoma City,Thunder,OKC,0,0,,,,,,0,0,,,,,,1
395,0042400403,612,4,1,4,10:46 PM,8:09,,,Thunder Rebound,,,3,1610612760,,,,,,0,0,,,,,,0,0,,,,,,0
396,0042400403,613,8,0,4,10:46 PM,8:09,,,SUB: Wallace FOR Caruso,,,5,1627936,Alex Caruso,1610612760.0,Oklahoma City,Thunder,OKC,5,1641717,Cason Wallace,1610612760.0,Oklahoma City,Thunder,OKC,0,0,,,,,,0
397,0042400403,615,3,12,4,10:47 PM,8:09,,,Gilgeous-Alexander Free Throw 2 of 2 (22 PTS),96 - 95,-1,5,1628983,Shai Gilgeous-Alexander,1610612760.0,Oklahoma City,Thunder,OKC,0,0,,,,,,0,0,,,,,,1
398,0042400403,616,1,79,4,10:47 PM,8:02,Mathurin 25' 3PT Pullup Jump Shot (25 PTS) (McConnell 5 AST),,,96 - 98,2,4,1631097,Bennedict Mathurin,1610612754.0,Indiana,Pacers,IND,4,204456,T.J. McConnell,1610612754.0,Indiana,Pacers,IND,0,0,,,,,,1
399,0042400403,618,1,75,4,10:47 PM,7:41,,,Jal. Williams 4' Driving Finger Roll Layup (22 PTS),98 - 98,TIE,5,1631114,Jalen Williams,1610612760.0,Oklahoma City,Thunder,OKC,0,0,,,,,,0,0,,,,,,1
400,0042400403,619,2,75,4,10:48 PM,7:15,MISS Mathurin 4' Driving Finger Roll Layup,,,,,4,1631097,Bennedict Mathurin,1610612754.0,Indiana,Pacers,IND,0,0,,,,,,0,0,,,,,,1
401,0042400403,620,4,0,4,10:48 PM,7:13,,,Holmgren REBOUND (Off:0 Def:8),,,5,1631096,Chet Holmgren,1610612760.0,Oklahoma City,Thunder,OKC,0,0,,,,,,0,0,,,,,,1
402,0042400403,621,6,1,4,10:48 PM,7:04,Toppin P.FOUL (P2.T2) (T.Brothers),,,,,4,1630167,Obi Toppin,1610612754.0,Indiana,Pacers,IND,5,1631096,Chet Holmgren,1610612760.0,Oklahoma City,Thunder,OKC,1,0,,,,,,1
403,0042400403,623,8,0,4,10:49 PM,7:04,SUB: Haliburton FOR McConnell,,,,,4,204456,T.J. McConnell,1610612754.0,Indiana,Pacers,IND,4,1630169,Tyrese Haliburton,1610612754.0,Indiana,Pacers,IND,0,0,,,,,,0
404,0042400403,624,8,0,4,10:49 PM,7:04,SUB: Turner FOR Siakam,,,,,4,1627783,Pascal Siakam,1610612754.0,Indiana,Pacers,IND,4,1626167,Myles Turner,1610612754.0,Indiana,Pacers,IND,0,0,,,,,,0
405,0042400403,625,8,0,4,10:49 PM,7:04,,,SUB: Hartenstein FOR Holmgren,,,5,1631096,Chet Holmgren,1610612760.0,Oklahoma City,Thunder,OKC,5,1628392,Isaiah Hartenstein,1610612760.0,Oklahoma City,Thunder,OKC,0,0,,,,,,0
406,0042400403,629,2,6,4,10:49 PM,6:53,,,MISS Hartenstein 5' Driving Layup,,,5,1628392,Isaiah Hartenstein,1610612760.0,Oklahoma City,Thunder,OKC,0,0,,,,,,0,0,,,,,,1
407,0042400403,630,4,0,4,10:49 PM,6:50,Haliburton REBOUND (Off:0 Def:6),,,,,4,1630169,Tyrese Haliburton,1610612754.0,Indiana,Pacers,IND,0,0,,,,,,0,0,,,,,,1
408,0042400403,631,1,80,4,10:49 PM,6:42,Haliburton 26' 3PT Step Back Jump Shot (22 PTS) (Turner 1 AST),,,98 - 101,3,4,1630169,Tyrese Haliburton,1610612754.0,Indiana,Pacers,IND,4,1626167,Myles Turner,1610612754.0,Indiana,Pacers,IND,0,0,,,,,,1
409,0042400403,633,9,1,4,10:50 PM,6:40,,,Thunder Timeout: Regular (Reg.5 Short 0),,,3,1610612760,,,,,,0,0,,,,,,0,0,,,,,,0
410,0042400403,634,8,0,4,10:53 PM,6:40,SUB: Nesmith FOR Mathurin,,,,,4,1631097,Bennedict Mathurin,1610612754.0,Indiana,Pacers,IND,4,1630174,Aaron Nesmith,1610612754.0,Indiana,Pacers,IND,0,0,,,,,,0
411,0042400403,635,8,0,4,10:53 PM,6:40,,,SUB: Caruso FOR Wallace,,,5,1641717,Cason Wallace,1610612760.0,Oklahoma City,Thunder,OKC,5,1627936,Alex Caruso,1610612760.0,Oklahoma City,Thunder,OKC,0,0,,,,,,0
412,0042400403,638,5,4,4,10:54 PM,6:21,,,Gilgeous-Alexander Traveling Turnover (P6.T18),,,5,1628983,Shai Gilgeous-Alexander,1610612760.0,Oklahoma City,Thunder,OKC,0,0,,,,,,1,0,,,,,,1
413,0042400403,639,6,4,4,10:54 PM,6:10,Turner OFF.Foul (P2) (J.Capers),,,,,4,1626167,Myles Turner,1610612754.0,Indiana,Pacers,IND,5,1628983,Shai Gilgeous-Alexander,1610612760.0,Oklahoma City,Thunder,OKC,1,0,,,,,,1
414,0042400403,641,5,37,4,10:54 PM,6:10,Turner Offensive Foul Turnover (P1.T12),,,,,4,1626167,Myles Turner,1610612754.0,Indiana,Pacers,IND,0,0,,,,,,1,0,,,,,,1
415,0042400403,642,8,0,4,10:54 PM,6:10,,,SUB: Holmgren FOR Hartenstein,,,5,1628392,Isaiah Hartenstein,1610612760.0,Oklahoma City,Thunder,OKC,5,1631096,Chet Holmgren,1610612760.0,Oklahoma City,Thunder,OKC,0,0,,,,,,0
416,0042400403,644,1,101,4,10:55 PM,5:58,,,Jal. Williams 13' Driving Floating Jump Shot (24 PTS),100 - 101,1,5,1631114,Jalen Williams,1610612760.0,Oklahoma City,Thunder,OKC,0,0,,,,,,0,0,,,,,,1
417,0042400403,645,1,6,4,10:55 PM,5:38,Turner 2' Driving Layup (9 PTS) (Haliburton 9 AST),,,100 - 103,3,4,1626167,Myles Turner,1610612754.0,Indiana,Pacers,IND,4,1630169,Tyrese Haliburton,1610612754.0,Indiana,Pacers,IND,0,0,,,,,,1
418,0042400403,647,2,6,4,10:55 PM,5:25,Turner BLOCK (3 BLK),,MISS Holmgren 4' Driving Layup,,,5,1631096,Chet Holmgren,1610612760.0,Oklahoma City,Thunder,OKC,0,0,,,,,,4,1626167,Myles Turner,1610612754.0,Indiana,Pacers,IND,1
419,0042400403,649,4,0,4,10:55 PM,5:21,Turner REBOUND (Off:0 Def:2),,,,,4,1626167,Myles Turner,1610612754.0,Indiana,Pacers,IND,0,0,,,,,,0,0,,,,,,1
420,0042400403,650,2,79,4,10:55 PM,5:01,MISS Haliburton 3PT Pullup Jump Shot,,,,,4,1630169,Tyrese Haliburton,1610612754.0,Indiana,Pacers,IND,0,0,,,,,,0,0,,,,,,1
421,0042400403,651,4,0,4,10:56 PM,4:59,Haliburton REBOUND (Off:1 Def:6),,,,,4,1630169,Tyrese Haliburton,1610612754.0,Indiana,Pacers,IND,0,0,,,,,,0,0,,,,,,1
422,0042400403,652,6,1,4,10:56 PM,4:58,,,Caruso P.FOUL (P2.T3) (J.Capers),,,5,1627936,Alex Caruso,1610612760.0,Oklahoma City,Thunder,OKC,4,1629614,Andrew Nembhard,1610612754.0,Indiana,Pacers,IND,1,0,,,,,,1
423,0042400403,654,1,80,4,10:56 PM,4:52,Nembhard 18' Step Back Jump Shot (8 PTS),,,100 - 105,5,4,1629614,Andrew Nembhard,1610612754.0,Indiana,Pacers,IND,0,0,,,,,,0,0,,,,,,1
424,0042400403,655,2,1,4,10:56 PM,4:36,,,MISS Dort 25' 3PT Jump Shot,,,5,1629652,Luguentz Dort,1610612760.0,Oklahoma City,Thunder,OKC,0,0,,,,,,0,0,,,,,,1
425,0042400403,656,4,0,4,10:56 PM,4:33,Toppin REBOUND (Off:0 Def:5),,,,,4,1630167,Obi Toppin,1610612754.0,Indiana,Pacers,IND,0,0,,,,,,0,0,,,,,,1
426,0042400403,657,2,102,4,10:56 PM,4:25,MISS Haliburton 12' Driving Floating Bank Jump Shot,,,,,4,1630169,Tyrese Haliburton,1610612754.0,Indiana,Pacers,IND,0,0,,,,,,0,0,,,,,,1
427,0042400403,658,4,0,4,10:56 PM,4:23,Toppin REBOUND (Off:1 Def:5),,,,,4,1630167,Obi Toppin,1610612754.0,Indiana,Pacers,IND,0,0,,,,,,0,0,,,,,,1
428,0042400403,659,1,107,4,10:56 PM,4:23,Toppin Tip Dunk Shot (8 PTS),,,100 - 107,7,4,1630167,Obi Toppin,1610612754.0,Indiana,Pacers,IND,0,0,,,,,,0,0,,,,,,1
429,0042400403,660,2,6,4,10:57 PM,4:05,Toppin BLOCK (2 BLK),,MISS Jal. Williams 5' Driving Layup,,,5,1631114,Jalen Williams,1610612760.0,Oklahoma City,Thunder,OKC,0,0,,,,,,4,1630167,Obi Toppin,1610612754.0,Indiana,Pacers,IND,1
430,0042400403,662,4,0,4,10:57 PM,4:02,Haliburton REBOUND (Off:1 Def:7),,,,,4,1630169,Tyrese Haliburton,1610612754.0,Indiana,Pacers,IND,0,0,,,,,,0,0,,,,,,1
431,0042400403,663,2,80,4,10:57 PM,3:49,MISS Nembhard 21' Step Back Jump Shot,,,,,4,1629614,Andrew Nembhard,1610612754.0,Indiana,Pacers,IND,0,0,,,,,,0,0,,,,,,1
432,0042400403,664,4,0,4,10:57 PM,3:46,,,Dort REBOUND (Off:1 Def:3),,,5,1629652,Luguentz Dort,1610612760.0,Oklahoma City,Thunder,OKC,0,0,,,,,,0,0,,,,,,1
433,0042400403,665,2,6,4,10:57 PM,3:36,Nesmith BLOCK (1 BLK),,MISS Gilgeous-Alexander 6' Driving Layup,,,5,1628983,Shai Gilgeous-Alexander,1610612760.0,Oklahoma City,Thunder,OKC,0,0,,,,,,4,1630174,Aaron Nesmith,1610612754.0,Indiana,Pacers,IND,1
434,0042400403,667,4,0,4,10:57 PM,3:34,,,Gilgeous-Alexander REBOUND (Off:2 Def:6),,,5,1628983,Shai Gilgeous-Alexander,1610612760.0,Oklahoma City,Thunder,OKC,0,0,,,,,,0,0,,,,,,1
435,0042400403,668,6,1,4,10:57 PM,3:34,Toppin P.FOUL (P3.T3) (T.Brothers),,,,,4,1630167,Obi Toppin,1610612754.0,Indiana,Pacers,IND,5,1631096,Chet Holmgren,1610612760.0,Oklahoma City,Thunder,OKC,1,0,,,,,,1
436,0042400403,670,9,1,4,10:58 PM,3:34,PACERS Timeout: Regular (Full 5 Short 0),,,,,2,1610612754,,,,,,0,0,,,,,,0,0,,,,,,0
437,0042400403,671,8,0,4,10:59 PM,3:34,SUB: Siakam FOR Toppin,,,,,4,1630167,Obi Toppin,1610612754.0,Indiana,Pacers,IND,4,1627783,Pascal Siakam,1610612754.0,Indiana,Pacers,IND,0,0,,,,,,0
438,0042400403,674,1,80,4,11:00 PM,3:23,,,Gilgeous-Alexander 19' Step Back Jump Shot (24 PTS),102 - 107,5,5,1628983,Shai Gilgeous-Alexander,1610612760.0,Oklahoma City,Thunder,OKC,0,0,,,,,,0,0,,,,,,1
439,0042400403,675,7,1,4,11:00 PM,3:20,,,Thunder Violation: Delay of game Violation,,,3,1610612760,,,,,,0,0,,,,,,1,0,,,,,,0
440,0042400403,676,1,1,4,11:01 PM,3:04,Nesmith 26' 3PT Jump Shot (7 PTS) (Haliburton 10 AST),,,102 - 110,8,4,1630174,Aaron Nesmith,1610612754.0,Indiana,Pacers,IND,4,1630169,Tyrese Haliburton,1610612754.0,Indiana,Pacers,IND,0,0,,,,,,1
441,0042400403,678,5,2,4,11:01 PM,2:44,Nesmith STEAL (1 STL),,Jal. Williams Lost Ball Turnover (P4.T19),,,5,1631114,Jalen Williams,1610612760.0,Oklahoma City,Thunder,OKC,4,1630174,Aaron Nesmith,1610612754.0,Indiana,Pacers,IND,0,0,,,,,,1
442,0042400403,680,5,2,4,11:01 PM,2:38,Haliburton Lost Ball Turnover (P4.T13),,Caruso STEAL (2 STL),,,4,1630169,Tyrese Haliburton,1610612754.0,Indiana,Pacers,IND,5,1627936,Alex Caruso,1610612760.0,Oklahoma City,Thunder,OKC,0,0,,,,,,1
443,0042400403,682,6,2,4,11:01 PM,2:35,Nesmith S.FOUL (P4.T4) (T.Ford),,,,,4,1630174,Aaron Nesmith,1610612754.0,Indiana,Pacers,IND,5,1627936,Alex Caruso,1610612760.0,Oklahoma City,Thunder,OKC,1,0,,,,,,1
444,0042400403,684,18,3,4,11:02 PM,2:35,,Instant Replay4th Period (11:02 PM EST),,102 - 110,8,0,682,Bob Sura,,,,,0,0,,,,,,1,0,,,,,,0
445,0042400403,685,3,11,4,11:05 PM,2:35,,,Caruso Free Throw 1 of 2 (7 PTS),103 - 110,7,5,1627936,Alex Caruso,1610612760.0,Oklahoma City,Thunder,OKC,0,0,,,,,,0,0,,,,,,1
446,0042400403,686,3,12,4,11:05 PM,2:35,,,Caruso Free Throw 2 of 2 (8 PTS),104 - 110,6,5,1627936,Alex Caruso,1610612760.0,Oklahoma City,Thunder,OKC,0,0,,,,,,0,0,,,,,,1
447,0042400403,687,5,40,4,11:05 PM,2:19,Turner Out of Bounds Lost Ball Turnover (P2.T14),,,,,4,1626167,Myles Turner,1610612754.0,Indiana,Pacers,IND,0,0,,,,,,1,0,,,,,,1
448,0042400403,688,2,1,4,11:06 PM,2:02,Turner BLOCK (4 BLK),,MISS Holmgren 27' 3PT Jump Shot,,,5,1631096,Chet Holmgren,1610612760.0,Oklahoma City,Thunder,OKC,0,0,,,,,,4,1626167,Myles Turner,1610612754.0,Indiana,Pacers,IND,1
449,0042400403,690,4,0,4,11:06 PM,1:59,,,Holmgren REBOUND (Off:1 Def:8),,,5,1631096,Chet Holmgren,1610612760.0,Oklahoma City,Thunder,OKC,0,0,,,,,,0,0,,,,,,1
450,0042400403,691,2,6,4,11:06 PM,1:56,Turner BLOCK (5 BLK),,MISS Holmgren 6' Driving Layup,,,5,1631096,Chet Holmgren,1610612760.0,Oklahoma City,Thunder,OKC,0,0,,,,,,4,1626167,Myles Turner,1610612754.0,Indiana,Pacers,IND,1
451,0042400403,693,4,0,4,11:06 PM,1:56,PACERS Rebound,,,,,2,1610612754,,,,,,0,0,,,,,,0,0,,,,,,0
452,0042400403,695,2,1,4,11:07 PM,1:40,MISS Nesmith 24' 3PT Jump Shot,,,,,4,1630174,Aaron Nesmith,1610612754.0,Indiana,Pacers,IND,0,0,,,,,,0,0,,,,,,1
453,0042400403,696,4,0,4,11:07 PM,1:37,,,Holmgren REBOUND (Off:1 Def:9),,,5,1631096,Chet Holmgren,1610612760.0,Oklahoma City,Thunder,OKC,0,0,,,,,,0,0,,,,,,1
454,0042400403,697,2,79,4,11:07 PM,1:17,,,MISS Gilgeous-Alexander 20' Pullup Jump Shot,,,5,1628983,Shai Gilgeous-Alexander,1610612760.0,Oklahoma City,Thunder,OKC,0,0,,,,,,0,0,,,,,,1
455,0042400403,698,4,0,4,11:07 PM,1:13,Nembhard REBOUND (Off:1 Def:3),,,,,4,1629614,Andrew Nembhard,1610612754.0,Indiana,Pacers,IND,0,0,,,,,,0,0,,,,,,1
456,0042400403,699,1,41,4,11:07 PM,1:09,Siakam 1' Running Layup (19 PTS) (Haliburton 11 AST),,,104 - 112,8,4,1627783,Pascal Siakam,1610612754.0,Indiana,Pacers,IND,4,1630169,Tyrese Haliburton,1610612754.0,Indiana,Pacers,IND,0,0,,,,,,1
457,0042400403,701,9,1,4,11:07 PM,1:09,,,Thunder Timeout: Regular (Reg.6 Short 0),,,3,1610612760,,,,,,0,0,,,,,,0,0,,,,,,0
458,0042400403,703,6,2,4,11:10 PM,1:00,Nesmith S.FOUL (P5.PN) (J.Capers),,,,,4,1630174,Aaron Nesmith,1610612754.0,Indiana,Pacers,IND,5,1631114,Jalen Williams,1610612760.0,Oklahoma City,Thunder,OKC,1,0,,,,,,1
459,0042400403,705,3,11,4,11:10 PM,1:00,,,Jal. Williams Free Throw 1 of 2 (25 PTS),105 - 112,7,5,1631114,Jalen Williams,1610612760.0,Oklahoma City,Thunder,OKC,0,0,,,,,,0,0,,,,,,1
460,0042400403,711,3,12,4,11:10 PM,1:00,,,MISS Jal. Williams Free Throw 2 of 2,,,5,1631114,Jalen Williams,1610612760.0,Oklahoma City,Thunder,OKC,0,0,,,,,,0,0,,,,,,1
461,0042400403,736,8,0,4,11:10 PM,1:00,SUB: Toppin FOR Turner,,,,,4,1626167,Myles Turner,1610612754.0,Indiana,Pacers,IND,4,1630167,Obi Toppin,1610612754.0,Indiana,Pacers,IND,0,0,,,,,,0
462,0042400403,737,8,0,4,11:10 PM,1:00,,,SUB: Wallace FOR Holmgren,,,5,1631096,Chet Holmgren,1610612760.0,Oklahoma City,Thunder,OKC,5,1641717,Cason Wallace,1610612760.0,Oklahoma City,Thunder,OKC,0,0,,,,,,0
463,0042400403,712,4,0,4,11:10 PM,0:59,Haliburton REBOUND (Off:1 Def:8),,,,,4,1630169,Tyrese Haliburton,1610612754.0,Indiana,Pacers,IND,0,0,,,,,,0,0,,,,,,1
464,0042400403,713,2,101,4,11:11 PM,0:37,MISS Haliburton 10' Driving Floating Jump Shot,,,,,4,1630169,Tyrese Haliburton,1610612754.0,Indiana,Pacers,IND,0,0,,,,,,0,0,,,,,,1
465,0042400403,714,4,0,4,11:11 PM,0:35,,,Jal. Williams REBOUND (Off:2 Def:4),,,5,1631114,Jalen Williams,1610612760.0,Oklahoma City,Thunder,OKC,0,0,,,,,,0,0,,,,,,1
466,0042400403,717,6,1,4,11:11 PM,0:35,Nesmith P.FOUL (P6.PN) (J.Capers),,,,,4,1630174,Aaron Nesmith,1610612754.0,Indiana,Pacers,IND,5,1631114,Jalen Williams,1610612760.0,Oklahoma City,Thunder,OKC,1,0,,,,,,1
467,0042400403,719,8,0,4,11:11 PM,0:35,SUB: Mathurin FOR Nesmith,,,,,4,1630174,Aaron Nesmith,1610612754.0,Indiana,Pacers,IND,4,1631097,Bennedict Mathurin,1610612754.0,Indiana,Pacers,IND,0,0,,,,,,0
468,0042400403,721,3,11,4,11:11 PM,0:35,,,MISS Jal. Williams Free Throw 1 of 2,,,5,1631114,Jalen Williams,1610612760.0,Oklahoma City,Thunder,OKC,0,0,,,,,,0,0,,,,,,1
469,0042400403,722,4,1,4,11:11 PM,0:35,,,Thunder Rebound,,,3,1610612760,,,,,,0,0,,,,,,0,0,,,,,,0
470,0042400403,723,3,12,4,11:12 PM,0:35,,,Jal. Williams Free Throw 2 of 2 (26 PTS),106 - 112,6,5,1631114,Jalen Williams,1610612760.0,Oklahoma City,Thunder,OKC,0,0,,,,,,0,0,,,,,,1
471,0042400403,724,6,1,4,11:12 PM,0:27,,,Dort P.FOUL (P3.T4) (T.Brothers),,,5,1629652,Luguentz Dort,1610612760.0,Oklahoma City,Thunder,OKC,4,1631097,Bennedict Mathurin,1610612754.0,Indiana,Pacers,IND,1,0,,,,,,1
472,0042400403,726,6,1,4,11:13 PM,0:27,,,Caruso P.FOUL (P3.PN) (T.Ford),,,5,1627936,Alex Caruso,1610612760.0,Oklahoma City,Thunder,OKC,4,1631097,Bennedict Mathurin,1610612754.0,Indiana,Pacers,IND,1,0,,,,,,1
473,0042400403,728,3,11,4,11:13 PM,0:27,Mathurin Free Throw 1 of 2 (26 PTS),,,106 - 113,7,4,1631097,Bennedict Mathurin,1610612754.0,Indiana,Pacers,IND,0,0,,,,,,0,0,,,,,,1
474,0042400403,729,8,0,4,11:13 PM,0:27,,,SUB: Holmgren FOR Caruso,,,5,1627936,Alex Caruso,1610612760.0,Oklahoma City,Thunder,OKC,5,1631096,Chet Holmgren,1610612760.0,Oklahoma City,Thunder,OKC,0,0,,,,,,0
475,0042400403,731,3,12,4,11:13 PM,0:27,Mathurin Free Throw 2 of 2 (27 PTS),,,106 - 114,8,4,1631097,Bennedict Mathurin,1610612754.0,Indiana,Pacers,IND,0,0,,,,,,0,0,,,,,,1
476,0042400403,732,2,1,4,11:14 PM,0:20,,,MISS Holmgren 25' 3PT Jump Shot,,,5,1631096,Chet Holmgren,1610612760.0,Oklahoma City,Thunder,OKC,0,0,,,,,,0,0,,,,,,1
477,0042400403,733,4,0,4,11:14 PM,0:17,,,Wallace REBOUND (Off:1 Def:3),,,5,1641717,Cason Wallace,1610612760.0,Oklahoma City,Thunder,OKC,0,0,,,,,,0,0,,,,,,1
478,0042400403,734,6,1,4,11:14 PM,0:17,Nembhard P.FOUL (P5.PN) (T.Brothers),,,,,4,1629614,Andrew Nembhard,1610612754.0,Indiana,Pacers,IND,5,1641717,Cason Wallace,1610612760.0,Oklahoma City,Thunder,OKC,1,0,,,,,,1
479,0042400403,740,3,11,4,11:14 PM,0:17,,,MISS Wallace Free Throw 1 of 2,,,5,1641717,Cason Wallace,1610612760.0,Oklahoma City,Thunder,OKC,0,0,,,,,,0,0,,,,,,1
480,0042400403,741,4,1,4,11:14 PM,0:17,,,Thunder Rebound,,,3,1610612760,,,,,,0,0,,,,,,0,0,,,,,,0
481,0042400403,742,8,0,4,11:14 PM,0:17,,,SUB: Caruso FOR Holmgren,,,5,1631096,Chet Holmgren,1610612760.0,Oklahoma City,Thunder,OKC,5,1627936,Alex Caruso,1610612760.0,Oklahoma City,Thunder,OKC,0,0,,,,,,0
482,0042400403,744,3,12,4,11:14 PM,0:17,,,Wallace Free Throw 2 of 2 (7 PTS),107 - 114,7,5,1641717,Cason Wallace,1610612760.0,Oklahoma City,Thunder,OKC,0,0,,,,,,0,0,,,,,,1
483,0042400403,745,1,6,4,11:15 PM,0:07,Siakam 1' Driving Layup (21 PTS),,,107 - 116,9,4,1627783,Pascal Siakam,1610612754.0,Indiana,Pacers,IND,0,0,,,,,,0,0,,,,,,1
484,0042400403,747,2,1,4,11:15 PM,0:01,,,MISS Jal. Williams 37' 3PT Jump Shot,,,5,1631114,Jalen Williams,1610612760.0,Oklahoma City,Thunder,OKC,0,0,,,,,,0,0,,,,,,1
485,0042400403,748,4,0,4,11:15 PM,0:01,,,Thunder Rebound,,,3,1610612760,,,,,,0,0,,,,,,0,0,,,,,,0
486,0042400403,749,13,0,4,11:15 PM,0:00,,End of 4th Period (11:15 PM EST),,107 - 116,9,0,0,,,,,,0,0,,,,,,0,0,,,,,,1
