"game_id","team_id","team_name","pts","fgm","fga","fg_pct","fg3m","fg3a","fg3_pct","ftm","fta","ft_pct","oreb","dreb","reb","ast","tov","stl","blk","pf","time_collected"
"0042400401","1610612760","Thunder",39,NULL,NULL,NULL,NULL,NULL,NULL,NULL,NULL,NULL,NULL,NULL,NULL,3,3,6,2,NULL,"2025-06-05 21:21:50.081572"
"0042400401","1610612754","Pacers",33,NULL,NULL,NULL,NULL,NULL,NULL,NULL,NULL,NULL,NULL,NULL,NULL,7,11,0,2,NULL,"2025-06-05 21:21:50.081572"
"0042400401","1610612760","Thunder",39,NULL,NULL,NULL,NULL,NULL,NULL,NULL,NULL,NULL,NULL,NULL,NULL,3,3,6,2,NULL,"2025-06-05 21:22:20.430047"
"0042400401","1610612754","Pacers",33,NULL,NULL,NULL,NULL,NULL,NULL,NULL,NULL,NULL,NULL,NULL,NULL,7,11,0,2,NULL,"2025-06-05 21:22:20.430047"
"0042400401","1610612760","Thunder",41,NULL,NULL,NULL,NULL,NULL,NULL,NULL,NULL,NULL,NULL,NULL,NULL,3,3,6,2,NULL,"2025-06-05 21:25:07.989628"
"0042400401","1610612754","Pacers",34,NULL,NULL,NULL,NULL,NULL,NULL,NULL,NULL,NULL,NULL,NULL,NULL,7,11,0,3,NULL,"2025-06-05 21:25:07.989628"
"0042400401","1610612760","Thunder",41,NULL,NULL,NULL,NULL,NULL,NULL,NULL,NULL,NULL,NULL,NULL,NULL,3,3,6,2,NULL,"2025-06-05 21:25:38.550265"
"0042400401","1610612754","Pacers",34,NULL,NULL,NULL,NULL,NULL,NULL,NULL,NULL,NULL,NULL,NULL,NULL,7,11,0,3,NULL,"2025-06-05 21:25:38.550265"
"0042400401","1610612760","Thunder",41,NULL,NULL,NULL,NULL,NULL,NULL,NULL,NULL,NULL,NULL,NULL,NULL,3,3,6,2,NULL,"2025-06-05 21:26:08.952092"
"0042400401","1610612754","Pacers",34,NULL,NULL,NULL,NULL,NULL,NULL,NULL,NULL,NULL,NULL,NULL,NULL,7,12,0,3,NULL,"2025-06-05 21:26:08.952092"
"0042400401","1610612760","Thunder",41,NULL,NULL,NULL,NULL,NULL,NULL,NULL,NULL,NULL,NULL,NULL,NULL,3,3,6,2,NULL,"2025-06-05 21:26:39.269087"
"0042400401","1610612754","Pacers",34,NULL,NULL,NULL,NULL,NULL,NULL,NULL,NULL,NULL,NULL,NULL,NULL,7,12,0,3,NULL,"2025-06-05 21:26:39.269087"
"0042400401","1610612760","Thunder",41,NULL,NULL,NULL,NULL,NULL,NULL,NULL,NULL,NULL,NULL,NULL,NULL,3,3,6,2,NULL,"2025-06-05 21:27:09.651768"
"0042400401","1610612754","Pacers",34,NULL,NULL,NULL,NULL,NULL,NULL,NULL,NULL,NULL,NULL,NULL,NULL,7,12,0,3,NULL,"2025-06-05 21:27:09.651768"
"0042400401","1610612760","Thunder",41,NULL,NULL,NULL,NULL,NULL,NULL,NULL,NULL,NULL,NULL,NULL,NULL,3,3,6,2,NULL,"2025-06-05 21:27:40.072811"
"0042400401","1610612754","Pacers",35,NULL,NULL,NULL,NULL,NULL,NULL,NULL,NULL,NULL,NULL,NULL,NULL,7,12,0,3,NULL,"2025-06-05 21:27:40.072811"
"0042400401","1610612760","Thunder",41,NULL,NULL,NULL,NULL,NULL,NULL,NULL,NULL,NULL,NULL,NULL,NULL,3,3,6,2,NULL,"2025-06-05 21:28:10.415213"
"0042400401","1610612754","Pacers",37,NULL,NULL,NULL,NULL,NULL,NULL,NULL,NULL,NULL,NULL,NULL,NULL,7,12,0,3,NULL,"2025-06-05 21:28:10.415213"
"0042400401","1610612760","Thunder",44,NULL,NULL,NULL,NULL,NULL,NULL,NULL,NULL,NULL,NULL,NULL,NULL,4,3,7,2,NULL,"2025-06-05 21:28:40.712231"
"0042400401","1610612754","Pacers",37,NULL,NULL,NULL,NULL,NULL,NULL,NULL,NULL,NULL,NULL,NULL,NULL,7,13,0,3,NULL,"2025-06-05 21:28:40.712231"
"0042400401","1610612760","Thunder",44,NULL,NULL,NULL,NULL,NULL,NULL,NULL,NULL,NULL,NULL,NULL,NULL,4,3,7,2,NULL,"2025-06-05 21:29:10.989657"
"0042400401","1610612754","Pacers",37,NULL,NULL,NULL,NULL,NULL,NULL,NULL,NULL,NULL,NULL,NULL,NULL,7,14,0,3,NULL,"2025-06-05 21:29:10.989657"
"0042400401","1610612760","Thunder",44,NULL,NULL,NULL,NULL,NULL,NULL,NULL,NULL,NULL,NULL,NULL,NULL,4,3,8,2,NULL,"2025-06-05 21:29:41.51629"
"0042400401","1610612754","Pacers",37,NULL,NULL,NULL,NULL,NULL,NULL,NULL,NULL,NULL,NULL,NULL,NULL,7,15,0,3,NULL,"2025-06-05 21:29:41.51629"
"0042400401","1610612760","Thunder",47,NULL,NULL,NULL,NULL,NULL,NULL,NULL,NULL,NULL,NULL,NULL,NULL,5,3,8,2,NULL,"2025-06-05 21:30:11.883264"
"0042400401","1610612754","Pacers",37,NULL,NULL,NULL,NULL,NULL,NULL,NULL,NULL,NULL,NULL,NULL,NULL,7,15,0,3,NULL,"2025-06-05 21:30:11.883264"
"0042400401","1610612760","Thunder",47,NULL,NULL,NULL,NULL,NULL,NULL,NULL,NULL,NULL,NULL,NULL,NULL,5,3,8,2,NULL,"2025-06-05 21:30:42.165929"
"0042400401","1610612754","Pacers",37,NULL,NULL,NULL,NULL,NULL,NULL,NULL,NULL,NULL,NULL,NULL,NULL,7,15,0,3,NULL,"2025-06-05 21:30:42.165929"
"0042400401","1610612760","Thunder",47,NULL,NULL,NULL,NULL,NULL,NULL,NULL,NULL,NULL,NULL,NULL,NULL,5,3,8,2,NULL,"2025-06-05 21:31:12.590193"
"0042400401","1610612754","Pacers",37,NULL,NULL,NULL,NULL,NULL,NULL,NULL,NULL,NULL,NULL,NULL,NULL,7,15,0,3,NULL,"2025-06-05 21:31:12.590193"
"0042400401","1610612760","Thunder",47,NULL,NULL,NULL,NULL,NULL,NULL,NULL,NULL,NULL,NULL,NULL,NULL,5,3,8,2,NULL,"2025-06-05 21:31:42.926472"
"0042400401","1610612754","Pacers",37,NULL,NULL,NULL,NULL,NULL,NULL,NULL,NULL,NULL,NULL,NULL,NULL,7,15,0,3,NULL,"2025-06-05 21:31:42.926472"
"0042400401","1610612760","Thunder",47,NULL,NULL,NULL,NULL,NULL,NULL,NULL,NULL,NULL,NULL,NULL,NULL,5,3,8,2,NULL,"2025-06-05 21:32:13.217335"
"0042400401","1610612754","Pacers",37,NULL,NULL,NULL,NULL,NULL,NULL,NULL,NULL,NULL,NULL,NULL,NULL,7,15,0,3,NULL,"2025-06-05 21:32:13.217335"
"0042400401","1610612760","Thunder",47,NULL,NULL,NULL,NULL,NULL,NULL,NULL,NULL,NULL,NULL,NULL,NULL,5,3,8,2,NULL,"2025-06-05 21:32:43.915933"
"0042400401","1610612754","Pacers",37,NULL,NULL,NULL,NULL,NULL,NULL,NULL,NULL,NULL,NULL,NULL,NULL,7,15,0,3,NULL,"2025-06-05 21:32:43.915933"
"0042400401","1610612760","Thunder",47,NULL,NULL,NULL,NULL,NULL,NULL,NULL,NULL,NULL,NULL,NULL,NULL,5,3,8,2,NULL,"2025-06-05 21:33:14.364065"
"0042400401","1610612754","Pacers",37,NULL,NULL,NULL,NULL,NULL,NULL,NULL,NULL,NULL,NULL,NULL,NULL,7,15,0,3,NULL,"2025-06-05 21:33:14.364065"
"0042400401","1610612760","Thunder",47,NULL,NULL,NULL,NULL,NULL,NULL,NULL,NULL,NULL,NULL,NULL,NULL,5,3,8,2,NULL,"2025-06-05 21:33:44.677564"
"0042400401","1610612754","Pacers",37,NULL,NULL,NULL,NULL,NULL,NULL,NULL,NULL,NULL,NULL,NULL,NULL,7,15,0,3,NULL,"2025-06-05 21:33:44.677564"
"0042400401","1610612760","Thunder",47,NULL,NULL,NULL,NULL,NULL,NULL,NULL,NULL,NULL,NULL,NULL,NULL,5,3,8,3,NULL,"2025-06-05 21:34:15.028938"
"0042400401","1610612754","Pacers",37,NULL,NULL,NULL,NULL,NULL,NULL,NULL,NULL,NULL,NULL,NULL,NULL,7,15,0,3,NULL,"2025-06-05 21:34:15.028938"
"0042400401","1610612760","Thunder",47,NULL,NULL,NULL,NULL,NULL,NULL,NULL,NULL,NULL,NULL,NULL,NULL,5,4,9,2,NULL,"2025-06-05 21:34:45.390431"
"0042400401","1610612754","Pacers",37,NULL,NULL,NULL,NULL,NULL,NULL,NULL,NULL,NULL,NULL,NULL,NULL,7,16,0,3,NULL,"2025-06-05 21:34:45.390431"
"0042400401","1610612760","Thunder",47,NULL,NULL,NULL,NULL,NULL,NULL,NULL,NULL,NULL,NULL,NULL,NULL,5,4,9,2,NULL,"2025-06-05 21:35:15.731865"
"0042400401","1610612754","Pacers",37,NULL,NULL,NULL,NULL,NULL,NULL,NULL,NULL,NULL,NULL,NULL,NULL,7,16,0,3,NULL,"2025-06-05 21:35:15.731865"
"0042400401","1610612760","Thunder",47,NULL,NULL,NULL,NULL,NULL,NULL,NULL,NULL,NULL,NULL,NULL,NULL,5,4,10,2,NULL,"2025-06-05 21:35:46.07978"
"0042400401","1610612754","Pacers",37,NULL,NULL,NULL,NULL,NULL,NULL,NULL,NULL,NULL,NULL,NULL,NULL,7,17,0,3,NULL,"2025-06-05 21:35:46.07978"
"0042400401","1610612760","Thunder",50,NULL,NULL,NULL,NULL,NULL,NULL,NULL,NULL,NULL,NULL,NULL,NULL,6,4,11,2,NULL,"2025-06-05 21:36:16.489157"
"0042400401","1610612754","Pacers",37,NULL,NULL,NULL,NULL,NULL,NULL,NULL,NULL,NULL,NULL,NULL,NULL,7,18,0,3,NULL,"2025-06-05 21:36:16.489157"
"0042400401","1610612760","Thunder",52,NULL,NULL,NULL,NULL,NULL,NULL,NULL,NULL,NULL,NULL,NULL,NULL,6,4,11,2,NULL,"2025-06-05 21:36:46.9423"
"0042400401","1610612754","Pacers",40,NULL,NULL,NULL,NULL,NULL,NULL,NULL,NULL,NULL,NULL,NULL,NULL,8,18,0,3,NULL,"2025-06-05 21:36:46.9423"
"0042400401","1610612760","Thunder",54,NULL,NULL,NULL,NULL,NULL,NULL,NULL,NULL,NULL,NULL,NULL,NULL,6,4,11,2,NULL,"2025-06-05 21:37:17.279287"
"0042400401","1610612754","Pacers",43,NULL,NULL,NULL,NULL,NULL,NULL,NULL,NULL,NULL,NULL,NULL,NULL,9,18,0,3,NULL,"2025-06-05 21:37:17.279287"
"0042400401","1610612760","Thunder",54,NULL,NULL,NULL,NULL,NULL,NULL,NULL,NULL,NULL,NULL,NULL,NULL,6,4,11,2,NULL,"2025-06-05 21:37:47.641393"
"0042400401","1610612754","Pacers",45,NULL,NULL,NULL,NULL,NULL,NULL,NULL,NULL,NULL,NULL,NULL,NULL,10,18,0,3,NULL,"2025-06-05 21:37:47.641393"
"0042400401","1610612760","Thunder",57,NULL,NULL,NULL,NULL,NULL,NULL,NULL,NULL,NULL,NULL,NULL,NULL,7,4,11,3,NULL,"2025-06-05 21:38:17.956138"
"0042400401","1610612754","Pacers",45,NULL,NULL,NULL,NULL,NULL,NULL,NULL,NULL,NULL,NULL,NULL,NULL,10,18,0,3,NULL,"2025-06-05 21:38:17.956138"
"0042400401","1610612760","Thunder",57,NULL,NULL,NULL,NULL,NULL,NULL,NULL,NULL,NULL,NULL,NULL,NULL,7,4,11,3,NULL,"2025-06-05 21:38:48.305705"
"0042400401","1610612754","Pacers",45,NULL,NULL,NULL,NULL,NULL,NULL,NULL,NULL,NULL,NULL,NULL,NULL,10,18,0,3,NULL,"2025-06-05 21:38:48.305705"
"0042400401","1610612760","Thunder",57,NULL,NULL,NULL,NULL,NULL,NULL,NULL,NULL,NULL,NULL,NULL,NULL,7,4,11,4,NULL,"2025-06-05 21:39:18.646183"
"0042400401","1610612754","Pacers",45,NULL,NULL,NULL,NULL,NULL,NULL,NULL,NULL,NULL,NULL,NULL,NULL,10,18,0,4,NULL,"2025-06-05 21:39:18.646183"
"0042400401","1610612760","Thunder",57,NULL,NULL,NULL,NULL,NULL,NULL,NULL,NULL,NULL,NULL,NULL,NULL,7,4,11,4,NULL,"2025-06-05 21:39:48.93818"
"0042400401","1610612754","Pacers",45,NULL,NULL,NULL,NULL,NULL,NULL,NULL,NULL,NULL,NULL,NULL,NULL,10,18,0,4,NULL,"2025-06-05 21:39:48.93818"
"0042400401","1610612760","Thunder",57,NULL,NULL,NULL,NULL,NULL,NULL,NULL,NULL,NULL,NULL,NULL,NULL,7,4,11,4,NULL,"2025-06-05 21:40:19.258614"
"0042400401","1610612754","Pacers",45,NULL,NULL,NULL,NULL,NULL,NULL,NULL,NULL,NULL,NULL,NULL,NULL,10,18,0,4,NULL,"2025-06-05 21:40:19.258614"
"0042400401","1610612760","Thunder",57,NULL,NULL,NULL,NULL,NULL,NULL,NULL,NULL,NULL,NULL,NULL,NULL,7,4,11,4,NULL,"2025-06-05 21:40:50.812146"
"0042400401","1610612754","Pacers",45,NULL,NULL,NULL,NULL,NULL,NULL,NULL,NULL,NULL,NULL,NULL,NULL,10,18,0,4,NULL,"2025-06-05 21:40:50.812146"
"0042400401","1610612760","Thunder",57,NULL,NULL,NULL,NULL,NULL,NULL,NULL,NULL,NULL,NULL,NULL,NULL,7,4,11,4,NULL,"2025-06-05 21:41:21.89694"
"0042400401","1610612754","Pacers",45,NULL,NULL,NULL,NULL,NULL,NULL,NULL,NULL,NULL,NULL,NULL,NULL,10,18,0,4,NULL,"2025-06-05 21:41:21.89694"
"0042400401","1610612760","Thunder",57,NULL,NULL,NULL,NULL,NULL,NULL,NULL,NULL,NULL,NULL,NULL,NULL,7,4,11,4,NULL,"2025-06-05 21:41:52.352532"
"0042400401","1610612754","Pacers",45,NULL,NULL,NULL,NULL,NULL,NULL,NULL,NULL,NULL,NULL,NULL,NULL,10,18,0,4,NULL,"2025-06-05 21:41:52.352532"
"0042400401","1610612760","Thunder",57,NULL,NULL,NULL,NULL,NULL,NULL,NULL,NULL,NULL,NULL,NULL,NULL,7,4,11,4,NULL,"2025-06-05 21:42:22.725538"
"0042400401","1610612754","Pacers",45,NULL,NULL,NULL,NULL,NULL,NULL,NULL,NULL,NULL,NULL,NULL,NULL,10,18,0,4,NULL,"2025-06-05 21:42:22.725538"
"0042400401","1610612760","Thunder",57,NULL,NULL,NULL,NULL,NULL,NULL,NULL,NULL,NULL,NULL,NULL,NULL,7,4,11,4,NULL,"2025-06-05 21:42:53.186085"
"0042400401","1610612754","Pacers",45,NULL,NULL,NULL,NULL,NULL,NULL,NULL,NULL,NULL,NULL,NULL,NULL,10,18,0,4,NULL,"2025-06-05 21:42:53.186085"
"0042400401","1610612760","Thunder",57,NULL,NULL,NULL,NULL,NULL,NULL,NULL,NULL,NULL,NULL,NULL,NULL,7,4,11,4,NULL,"2025-06-05 21:43:23.544563"
"0042400401","1610612754","Pacers",45,NULL,NULL,NULL,NULL,NULL,NULL,NULL,NULL,NULL,NULL,NULL,NULL,10,18,0,4,NULL,"2025-06-05 21:43:23.544563"
"0042400401","1610612760","Thunder",57,NULL,NULL,NULL,NULL,NULL,NULL,NULL,NULL,NULL,NULL,NULL,NULL,7,4,11,4,NULL,"2025-06-05 21:43:53.973273"
"0042400401","1610612754","Pacers",45,NULL,NULL,NULL,NULL,NULL,NULL,NULL,NULL,NULL,NULL,NULL,NULL,10,18,0,4,NULL,"2025-06-05 21:43:53.973273"
"0042400401","1610612760","Thunder",57,NULL,NULL,NULL,NULL,NULL,NULL,NULL,NULL,NULL,NULL,NULL,NULL,7,4,11,4,NULL,"2025-06-05 21:44:24.595913"
"0042400401","1610612754","Pacers",45,NULL,NULL,NULL,NULL,NULL,NULL,NULL,NULL,NULL,NULL,NULL,NULL,10,18,0,4,NULL,"2025-06-05 21:44:24.595913"
"0042400401","1610612760","Thunder",57,NULL,NULL,NULL,NULL,NULL,NULL,NULL,NULL,NULL,NULL,NULL,NULL,7,4,11,4,NULL,"2025-06-05 21:44:55.010415"
"0042400401","1610612754","Pacers",45,NULL,NULL,NULL,NULL,NULL,NULL,NULL,NULL,NULL,NULL,NULL,NULL,10,18,0,4,NULL,"2025-06-05 21:44:55.010415"
"0042400401","1610612760","Thunder",57,NULL,NULL,NULL,NULL,NULL,NULL,NULL,NULL,NULL,NULL,NULL,NULL,7,4,11,4,NULL,"2025-06-05 21:45:25.326607"
"0042400401","1610612754","Pacers",45,NULL,NULL,NULL,NULL,NULL,NULL,NULL,NULL,NULL,NULL,NULL,NULL,10,18,0,4,NULL,"2025-06-05 21:45:25.326607"
"0042400401","1610612760","Thunder",57,NULL,NULL,NULL,NULL,NULL,NULL,NULL,NULL,NULL,NULL,NULL,NULL,7,4,11,4,NULL,"2025-06-05 21:45:55.685932"
"0042400401","1610612754","Pacers",45,NULL,NULL,NULL,NULL,NULL,NULL,NULL,NULL,NULL,NULL,NULL,NULL,10,18,0,4,NULL,"2025-06-05 21:45:55.685932"
"0042400401","1610612760","Thunder",57,NULL,NULL,NULL,NULL,NULL,NULL,NULL,NULL,NULL,NULL,NULL,NULL,7,4,11,4,NULL,"2025-06-05 21:46:26.204739"
"0042400401","1610612754","Pacers",45,NULL,NULL,NULL,NULL,NULL,NULL,NULL,NULL,NULL,NULL,NULL,NULL,10,18,0,4,NULL,"2025-06-05 21:46:26.204739"
"0042400401","1610612760","Thunder",57,NULL,NULL,NULL,NULL,NULL,NULL,NULL,NULL,NULL,NULL,NULL,NULL,7,4,11,4,NULL,"2025-06-05 21:46:56.630042"
"0042400401","1610612754","Pacers",45,NULL,NULL,NULL,NULL,NULL,NULL,NULL,NULL,NULL,NULL,NULL,NULL,10,18,0,4,NULL,"2025-06-05 21:46:56.630042"
"0042400401","1610612760","Thunder",57,NULL,NULL,NULL,NULL,NULL,NULL,NULL,NULL,NULL,NULL,NULL,NULL,7,4,11,4,NULL,"2025-06-05 21:47:27.086857"
"0042400401","1610612754","Pacers",45,NULL,NULL,NULL,NULL,NULL,NULL,NULL,NULL,NULL,NULL,NULL,NULL,10,18,0,4,NULL,"2025-06-05 21:47:27.086857"
"0042400401","1610612760","Thunder",57,NULL,NULL,NULL,NULL,NULL,NULL,NULL,NULL,NULL,NULL,NULL,NULL,7,4,11,4,NULL,"2025-06-05 21:47:57.541767"
"0042400401","1610612754","Pacers",45,NULL,NULL,NULL,NULL,NULL,NULL,NULL,NULL,NULL,NULL,NULL,NULL,10,18,0,4,NULL,"2025-06-05 21:47:57.541767"
"0042400401","1610612760","Thunder",57,NULL,NULL,NULL,NULL,NULL,NULL,NULL,NULL,NULL,NULL,NULL,NULL,7,4,11,4,NULL,"2025-06-05 21:48:28.560721"
"0042400401","1610612754","Pacers",45,NULL,NULL,NULL,NULL,NULL,NULL,NULL,NULL,NULL,NULL,NULL,NULL,10,18,0,4,NULL,"2025-06-05 21:48:28.560721"
"0042400401","1610612760","Thunder",57,NULL,NULL,NULL,NULL,NULL,NULL,NULL,NULL,NULL,NULL,NULL,NULL,7,4,11,4,NULL,"2025-06-05 21:48:59.011019"
"0042400401","1610612754","Pacers",45,NULL,NULL,NULL,NULL,NULL,NULL,NULL,NULL,NULL,NULL,NULL,NULL,10,18,0,4,NULL,"2025-06-05 21:48:59.011019"
"0042400401","1610612760","Thunder",57,NULL,NULL,NULL,NULL,NULL,NULL,NULL,NULL,NULL,NULL,NULL,NULL,7,4,11,4,NULL,"2025-06-05 21:49:29.364908"
"0042400401","1610612754","Pacers",45,NULL,NULL,NULL,NULL,NULL,NULL,NULL,NULL,NULL,NULL,NULL,NULL,10,18,0,4,NULL,"2025-06-05 21:49:29.364908"
"0042400401","1610612760","Thunder",57,NULL,NULL,NULL,NULL,NULL,NULL,NULL,NULL,NULL,NULL,NULL,NULL,7,4,11,4,NULL,"2025-06-05 21:49:59.741153"
"0042400401","1610612754","Pacers",45,NULL,NULL,NULL,NULL,NULL,NULL,NULL,NULL,NULL,NULL,NULL,NULL,10,18,0,4,NULL,"2025-06-05 21:49:59.741153"
"0042400401","1610612760","Thunder",57,NULL,NULL,NULL,NULL,NULL,NULL,NULL,NULL,NULL,NULL,NULL,NULL,7,4,11,4,NULL,"2025-06-05 21:50:30.266242"
"0042400401","1610612754","Pacers",45,NULL,NULL,NULL,NULL,NULL,NULL,NULL,NULL,NULL,NULL,NULL,NULL,10,18,0,4,NULL,"2025-06-05 21:50:30.266242"
"0042400401","1610612760","Thunder",57,NULL,NULL,NULL,NULL,NULL,NULL,NULL,NULL,NULL,NULL,NULL,NULL,7,4,11,4,NULL,"2025-06-05 21:51:00.984032"
"0042400401","1610612754","Pacers",45,NULL,NULL,NULL,NULL,NULL,NULL,NULL,NULL,NULL,NULL,NULL,NULL,10,18,0,4,NULL,"2025-06-05 21:51:00.984032"
"0042400401","1610612760","Thunder",57,NULL,NULL,NULL,NULL,NULL,NULL,NULL,NULL,NULL,NULL,NULL,NULL,7,4,11,4,NULL,"2025-06-05 21:51:31.381598"
"0042400401","1610612754","Pacers",45,NULL,NULL,NULL,NULL,NULL,NULL,NULL,NULL,NULL,NULL,NULL,NULL,10,18,0,4,NULL,"2025-06-05 21:51:31.381598"
"0042400401","1610612760","Thunder",57,NULL,NULL,NULL,NULL,NULL,NULL,NULL,NULL,NULL,NULL,NULL,NULL,7,4,11,4,NULL,"2025-06-05 21:52:01.726861"
"0042400401","1610612754","Pacers",45,NULL,NULL,NULL,NULL,NULL,NULL,NULL,NULL,NULL,NULL,NULL,NULL,10,18,0,4,NULL,"2025-06-05 21:52:01.726861"
"0042400401","1610612760","Thunder",57,NULL,NULL,NULL,NULL,NULL,NULL,NULL,NULL,NULL,NULL,NULL,NULL,7,4,11,4,NULL,"2025-06-05 21:52:32.148675"
"0042400401","1610612754","Pacers",45,NULL,NULL,NULL,NULL,NULL,NULL,NULL,NULL,NULL,NULL,NULL,NULL,10,18,0,4,NULL,"2025-06-05 21:52:32.148675"
"0042400401","1610612760","Thunder",57,NULL,NULL,NULL,NULL,NULL,NULL,NULL,NULL,NULL,NULL,NULL,NULL,7,4,11,4,NULL,"2025-06-05 21:53:02.566823"
"0042400401","1610612754","Pacers",45,NULL,NULL,NULL,NULL,NULL,NULL,NULL,NULL,NULL,NULL,NULL,NULL,10,18,0,4,NULL,"2025-06-05 21:53:02.566823"
"0042400401","1610612760","Thunder",57,NULL,NULL,NULL,NULL,NULL,NULL,NULL,NULL,NULL,NULL,NULL,NULL,7,4,11,4,NULL,"2025-06-05 21:53:32.879958"
"0042400401","1610612754","Pacers",45,NULL,NULL,NULL,NULL,NULL,NULL,NULL,NULL,NULL,NULL,NULL,NULL,10,18,0,4,NULL,"2025-06-05 21:53:32.879958"
"0042400401","1610612760","Thunder",57,NULL,NULL,NULL,NULL,NULL,NULL,NULL,NULL,NULL,NULL,NULL,NULL,7,4,11,4,NULL,"2025-06-05 21:54:03.249533"
"0042400401","1610612754","Pacers",45,NULL,NULL,NULL,NULL,NULL,NULL,NULL,NULL,NULL,NULL,NULL,NULL,10,18,0,4,NULL,"2025-06-05 21:54:03.249533"
"0042400401","1610612760","Thunder",57,NULL,NULL,NULL,NULL,NULL,NULL,NULL,NULL,NULL,NULL,NULL,NULL,7,4,12,3,NULL,"2025-06-05 21:54:33.551637"
"0042400401","1610612754","Pacers",45,NULL,NULL,NULL,NULL,NULL,NULL,NULL,NULL,NULL,NULL,NULL,NULL,10,19,0,4,NULL,"2025-06-05 21:54:33.551637"
"0042400401","1610612760","Thunder",57,NULL,NULL,NULL,NULL,NULL,NULL,NULL,NULL,NULL,NULL,NULL,NULL,7,4,12,3,NULL,"2025-06-05 21:55:03.849384"
"0042400401","1610612754","Pacers",45,NULL,NULL,NULL,NULL,NULL,NULL,NULL,NULL,NULL,NULL,NULL,NULL,10,19,0,4,NULL,"2025-06-05 21:55:03.849384"
"0042400401","1610612760","Thunder",57,NULL,NULL,NULL,NULL,NULL,NULL,NULL,NULL,NULL,NULL,NULL,NULL,7,4,12,3,NULL,"2025-06-05 21:55:34.111944"
"0042400401","1610612754","Pacers",45,NULL,NULL,NULL,NULL,NULL,NULL,NULL,NULL,NULL,NULL,NULL,NULL,10,19,0,4,NULL,"2025-06-05 21:55:34.111944"
"0042400401","1610612760","Thunder",57,NULL,NULL,NULL,NULL,NULL,NULL,NULL,NULL,NULL,NULL,NULL,NULL,7,4,12,3,NULL,"2025-06-05 21:56:04.495377"
"0042400401","1610612754","Pacers",45,NULL,NULL,NULL,NULL,NULL,NULL,NULL,NULL,NULL,NULL,NULL,NULL,10,19,0,4,NULL,"2025-06-05 21:56:04.495377"
"0042400401","1610612760","Thunder",57,NULL,NULL,NULL,NULL,NULL,NULL,NULL,NULL,NULL,NULL,NULL,NULL,7,4,12,3,NULL,"2025-06-05 21:56:34.828162"
"0042400401","1610612754","Pacers",45,NULL,NULL,NULL,NULL,NULL,NULL,NULL,NULL,NULL,NULL,NULL,NULL,10,19,0,4,NULL,"2025-06-05 21:56:34.828162"
"0042400401","1610612760","Thunder",59,NULL,NULL,NULL,NULL,NULL,NULL,NULL,NULL,NULL,NULL,NULL,NULL,7,4,12,3,NULL,"2025-06-05 21:57:05.204584"
"0042400401","1610612754","Pacers",45,NULL,NULL,NULL,NULL,NULL,NULL,NULL,NULL,NULL,NULL,NULL,NULL,10,19,0,4,NULL,"2025-06-05 21:57:05.204584"
"0042400401","1610612760","Thunder",59,NULL,NULL,NULL,NULL,NULL,NULL,NULL,NULL,NULL,NULL,NULL,NULL,7,4,12,3,NULL,"2025-06-05 21:57:35.482356"
"0042400401","1610612754","Pacers",47,NULL,NULL,NULL,NULL,NULL,NULL,NULL,NULL,NULL,NULL,NULL,NULL,11,19,0,5,NULL,"2025-06-05 21:57:35.482356"
"0042400401","1610612760","Thunder",59,NULL,NULL,NULL,NULL,NULL,NULL,NULL,NULL,NULL,NULL,NULL,NULL,7,4,12,3,NULL,"2025-06-05 21:58:05.765879"
"0042400401","1610612754","Pacers",47,NULL,NULL,NULL,NULL,NULL,NULL,NULL,NULL,NULL,NULL,NULL,NULL,11,19,0,5,NULL,"2025-06-05 21:58:05.765879"
"0042400401","1610612760","Thunder",59,NULL,NULL,NULL,NULL,NULL,NULL,NULL,NULL,NULL,NULL,NULL,NULL,7,4,12,3,NULL,"2025-06-05 21:58:36.054047"
"0042400401","1610612754","Pacers",48,NULL,NULL,NULL,NULL,NULL,NULL,NULL,NULL,NULL,NULL,NULL,NULL,11,19,0,5,NULL,"2025-06-05 21:58:36.054047"
"0042400401","1610612760","Thunder",59,NULL,NULL,NULL,NULL,NULL,NULL,NULL,NULL,NULL,NULL,NULL,NULL,7,4,12,3,NULL,"2025-06-05 21:59:06.395404"
"0042400401","1610612754","Pacers",48,NULL,NULL,NULL,NULL,NULL,NULL,NULL,NULL,NULL,NULL,NULL,NULL,11,19,0,5,NULL,"2025-06-05 21:59:06.395404"
"0042400401","1610612760","Thunder",61,NULL,NULL,NULL,NULL,NULL,NULL,NULL,NULL,NULL,NULL,NULL,NULL,7,4,12,3,NULL,"2025-06-05 21:59:36.712601"
"0042400401","1610612754","Pacers",48,NULL,NULL,NULL,NULL,NULL,NULL,NULL,NULL,NULL,NULL,NULL,NULL,11,19,0,5,NULL,"2025-06-05 21:59:36.712601"
"0042400401","1610612760","Thunder",61,NULL,NULL,NULL,NULL,NULL,NULL,NULL,NULL,NULL,NULL,NULL,NULL,7,4,12,3,NULL,"2025-06-05 22:00:07.031269"
"0042400401","1610612754","Pacers",48,NULL,NULL,NULL,NULL,NULL,NULL,NULL,NULL,NULL,NULL,NULL,NULL,11,19,0,5,NULL,"2025-06-05 22:00:07.031269"
"0042400401","1610612760","Thunder",63,NULL,NULL,NULL,NULL,NULL,NULL,NULL,NULL,NULL,NULL,NULL,NULL,7,4,12,3,NULL,"2025-06-05 22:00:37.459582"
"0042400401","1610612754","Pacers",53,NULL,NULL,NULL,NULL,NULL,NULL,NULL,NULL,NULL,NULL,NULL,NULL,13,19,0,5,NULL,"2025-06-05 22:00:37.459582"
"0042400401","1610612760","Thunder",65,NULL,NULL,NULL,NULL,NULL,NULL,NULL,NULL,NULL,NULL,NULL,NULL,8,4,12,3,NULL,"2025-06-05 22:01:07.749399"
"0042400401","1610612754","Pacers",53,NULL,NULL,NULL,NULL,NULL,NULL,NULL,NULL,NULL,NULL,NULL,NULL,13,19,0,5,NULL,"2025-06-05 22:01:07.749399"
"0042400401","1610612760","Thunder",65,NULL,NULL,NULL,NULL,NULL,NULL,NULL,NULL,NULL,NULL,NULL,NULL,8,4,12,3,NULL,"2025-06-05 22:01:38.042066"
"0042400401","1610612754","Pacers",53,NULL,NULL,NULL,NULL,NULL,NULL,NULL,NULL,NULL,NULL,NULL,NULL,13,20,0,5,NULL,"2025-06-05 22:01:38.042066"
"0042400401","1610612760","Thunder",65,NULL,NULL,NULL,NULL,NULL,NULL,NULL,NULL,NULL,NULL,NULL,NULL,8,4,12,3,NULL,"2025-06-05 22:02:08.299654"
"0042400401","1610612754","Pacers",53,NULL,NULL,NULL,NULL,NULL,NULL,NULL,NULL,NULL,NULL,NULL,NULL,13,20,0,5,NULL,"2025-06-05 22:02:08.299654"
"0042400401","1610612760","Thunder",67,NULL,NULL,NULL,NULL,NULL,NULL,NULL,NULL,NULL,NULL,NULL,NULL,9,4,12,4,NULL,"2025-06-05 22:02:38.582786"
"0042400401","1610612754","Pacers",55,NULL,NULL,NULL,NULL,NULL,NULL,NULL,NULL,NULL,NULL,NULL,NULL,13,20,0,5,NULL,"2025-06-05 22:02:38.582786"
"0042400401","1610612760","Thunder",67,NULL,NULL,NULL,NULL,NULL,NULL,NULL,NULL,NULL,NULL,NULL,NULL,9,4,12,4,NULL,"2025-06-05 22:03:08.891836"
"0042400401","1610612754","Pacers",55,NULL,NULL,NULL,NULL,NULL,NULL,NULL,NULL,NULL,NULL,NULL,NULL,13,21,0,5,NULL,"2025-06-05 22:03:08.891836"
"0042400401","1610612760","Thunder",67,NULL,NULL,NULL,NULL,NULL,NULL,NULL,NULL,NULL,NULL,NULL,NULL,9,4,12,4,NULL,"2025-06-05 22:03:39.982595"
"0042400401","1610612754","Pacers",55,NULL,NULL,NULL,NULL,NULL,NULL,NULL,NULL,NULL,NULL,NULL,NULL,13,21,0,5,NULL,"2025-06-05 22:03:39.982595"
"0042400401","1610612760","Thunder",67,NULL,NULL,NULL,NULL,NULL,NULL,NULL,NULL,NULL,NULL,NULL,NULL,9,4,12,4,NULL,"2025-06-05 22:04:10.337538"
"0042400401","1610612754","Pacers",55,NULL,NULL,NULL,NULL,NULL,NULL,NULL,NULL,NULL,NULL,NULL,NULL,13,21,0,5,NULL,"2025-06-05 22:04:10.337538"
"0042400401","1610612760","Thunder",67,NULL,NULL,NULL,NULL,NULL,NULL,NULL,NULL,NULL,NULL,NULL,NULL,9,4,12,4,NULL,"2025-06-05 22:04:40.755204"
"0042400401","1610612754","Pacers",55,NULL,NULL,NULL,NULL,NULL,NULL,NULL,NULL,NULL,NULL,NULL,NULL,13,21,0,5,NULL,"2025-06-05 22:04:40.755204"
"0042400401","1610612760","Thunder",67,NULL,NULL,NULL,NULL,NULL,NULL,NULL,NULL,NULL,NULL,NULL,NULL,9,4,12,4,NULL,"2025-06-05 22:05:11.181767"
"0042400401","1610612754","Pacers",55,NULL,NULL,NULL,NULL,NULL,NULL,NULL,NULL,NULL,NULL,NULL,NULL,13,21,0,5,NULL,"2025-06-05 22:05:11.181767"
"0042400401","1610612760","Thunder",67,NULL,NULL,NULL,NULL,NULL,NULL,NULL,NULL,NULL,NULL,NULL,NULL,9,4,12,4,NULL,"2025-06-05 22:05:41.549633"
"0042400401","1610612754","Pacers",55,NULL,NULL,NULL,NULL,NULL,NULL,NULL,NULL,NULL,NULL,NULL,NULL,13,21,0,5,NULL,"2025-06-05 22:05:41.549633"
"0042400401","1610612760","Thunder",67,NULL,NULL,NULL,NULL,NULL,NULL,NULL,NULL,NULL,NULL,NULL,NULL,9,4,12,4,NULL,"2025-06-05 22:06:11.843434"
"0042400401","1610612754","Pacers",55,NULL,NULL,NULL,NULL,NULL,NULL,NULL,NULL,NULL,NULL,NULL,NULL,13,21,0,5,NULL,"2025-06-05 22:06:11.843434"
"0042400401","1610612760","Thunder",67,NULL,NULL,NULL,NULL,NULL,NULL,NULL,NULL,NULL,NULL,NULL,NULL,9,4,12,4,NULL,"2025-06-05 22:06:42.150142"
"0042400401","1610612754","Pacers",55,NULL,NULL,NULL,NULL,NULL,NULL,NULL,NULL,NULL,NULL,NULL,NULL,13,21,0,5,NULL,"2025-06-05 22:06:42.150142"
"0042400401","1610612760","Thunder",67,NULL,NULL,NULL,NULL,NULL,NULL,NULL,NULL,NULL,NULL,NULL,NULL,9,4,12,4,NULL,"2025-06-05 22:07:12.474131"
"0042400401","1610612754","Pacers",57,NULL,NULL,NULL,NULL,NULL,NULL,NULL,NULL,NULL,NULL,NULL,NULL,13,21,0,5,NULL,"2025-06-05 22:07:12.474131"
"0042400401","1610612760","Thunder",70,NULL,NULL,NULL,NULL,NULL,NULL,NULL,NULL,NULL,NULL,NULL,NULL,9,4,12,4,NULL,"2025-06-05 22:07:42.783106"
"0042400401","1610612754","Pacers",57,NULL,NULL,NULL,NULL,NULL,NULL,NULL,NULL,NULL,NULL,NULL,NULL,13,21,0,5,NULL,"2025-06-05 22:07:42.783106"
"0042400401","1610612760","Thunder",73,NULL,NULL,NULL,NULL,NULL,NULL,NULL,NULL,NULL,NULL,NULL,NULL,10,4,12,4,NULL,"2025-06-05 22:08:13.079002"
"0042400401","1610612754","Pacers",62,NULL,NULL,NULL,NULL,NULL,NULL,NULL,NULL,NULL,NULL,NULL,NULL,14,21,0,5,NULL,"2025-06-05 22:08:13.079002"
"0042400401","1610612760","Thunder",75,NULL,NULL,NULL,NULL,NULL,NULL,NULL,NULL,NULL,NULL,NULL,NULL,11,4,12,4,NULL,"2025-06-05 22:08:43.500679"
"0042400401","1610612754","Pacers",62,NULL,NULL,NULL,NULL,NULL,NULL,NULL,NULL,NULL,NULL,NULL,NULL,14,21,0,5,NULL,"2025-06-05 22:08:43.500679"
"0042400401","1610612760","Thunder",75,NULL,NULL,NULL,NULL,NULL,NULL,NULL,NULL,NULL,NULL,NULL,NULL,11,4,12,4,NULL,"2025-06-05 22:09:14.551796"
"0042400401","1610612754","Pacers",64,NULL,NULL,NULL,NULL,NULL,NULL,NULL,NULL,NULL,NULL,NULL,NULL,14,21,0,5,NULL,"2025-06-05 22:09:14.551796"
"0042400401","1610612760","Thunder",75,NULL,NULL,NULL,NULL,NULL,NULL,NULL,NULL,NULL,NULL,NULL,NULL,11,4,12,4,NULL,"2025-06-05 22:09:45.275695"
"0042400401","1610612754","Pacers",64,NULL,NULL,NULL,NULL,NULL,NULL,NULL,NULL,NULL,NULL,NULL,NULL,14,21,0,6,NULL,"2025-06-05 22:09:45.275695"
"0042400401","1610612760","Thunder",75,NULL,NULL,NULL,NULL,NULL,NULL,NULL,NULL,NULL,NULL,NULL,NULL,11,5,12,4,NULL,"2025-06-05 22:10:15.8716"
"0042400401","1610612754","Pacers",64,NULL,NULL,NULL,NULL,NULL,NULL,NULL,NULL,NULL,NULL,NULL,NULL,14,21,0,6,NULL,"2025-06-05 22:10:15.8716"
"0042400401","1610612760","Thunder",77,NULL,NULL,NULL,NULL,NULL,NULL,NULL,NULL,NULL,NULL,NULL,NULL,11,5,12,4,NULL,"2025-06-05 22:10:46.225791"
"0042400401","1610612754","Pacers",66,NULL,NULL,NULL,NULL,NULL,NULL,NULL,NULL,NULL,NULL,NULL,NULL,15,21,0,6,NULL,"2025-06-05 22:10:46.225791"
"0042400401","1610612760","Thunder",77,NULL,NULL,NULL,NULL,NULL,NULL,NULL,NULL,NULL,NULL,NULL,NULL,11,5,12,4,NULL,"2025-06-05 22:11:16.501006"
"0042400401","1610612754","Pacers",66,NULL,NULL,NULL,NULL,NULL,NULL,NULL,NULL,NULL,NULL,NULL,NULL,15,21,0,6,NULL,"2025-06-05 22:11:16.501006"
"0042400401","1610612760","Thunder",77,NULL,NULL,NULL,NULL,NULL,NULL,NULL,NULL,NULL,NULL,NULL,NULL,11,5,12,4,NULL,"2025-06-05 22:11:46.817901"
"0042400401","1610612754","Pacers",66,NULL,NULL,NULL,NULL,NULL,NULL,NULL,NULL,NULL,NULL,NULL,NULL,15,21,0,6,NULL,"2025-06-05 22:11:46.817901"
"0042400401","1610612760","Thunder",77,NULL,NULL,NULL,NULL,NULL,NULL,NULL,NULL,NULL,NULL,NULL,NULL,11,5,12,4,NULL,"2025-06-05 22:12:17.305058"
"0042400401","1610612754","Pacers",66,NULL,NULL,NULL,NULL,NULL,NULL,NULL,NULL,NULL,NULL,NULL,NULL,15,21,0,6,NULL,"2025-06-05 22:12:17.305058"
"0042400401","1610612760","Thunder",77,NULL,NULL,NULL,NULL,NULL,NULL,NULL,NULL,NULL,NULL,NULL,NULL,11,5,12,4,NULL,"2025-06-05 22:12:47.647182"
"0042400401","1610612754","Pacers",66,NULL,NULL,NULL,NULL,NULL,NULL,NULL,NULL,NULL,NULL,NULL,NULL,15,21,0,6,NULL,"2025-06-05 22:12:47.647182"
"0042400401","1610612760","Thunder",77,NULL,NULL,NULL,NULL,NULL,NULL,NULL,NULL,NULL,NULL,NULL,NULL,11,5,12,4,NULL,"2025-06-05 22:13:18.059544"
"0042400401","1610612754","Pacers",66,NULL,NULL,NULL,NULL,NULL,NULL,NULL,NULL,NULL,NULL,NULL,NULL,15,21,0,6,NULL,"2025-06-05 22:13:18.059544"
"0042400401","1610612760","Thunder",77,NULL,NULL,NULL,NULL,NULL,NULL,NULL,NULL,NULL,NULL,NULL,NULL,11,5,12,4,NULL,"2025-06-05 22:13:48.391653"
"0042400401","1610612754","Pacers",66,NULL,NULL,NULL,NULL,NULL,NULL,NULL,NULL,NULL,NULL,NULL,NULL,15,21,0,6,NULL,"2025-06-05 22:13:48.391653"
"0042400401","1610612760","Thunder",77,NULL,NULL,NULL,NULL,NULL,NULL,NULL,NULL,NULL,NULL,NULL,NULL,11,5,12,4,NULL,"2025-06-05 22:14:18.728625"
"0042400401","1610612754","Pacers",66,NULL,NULL,NULL,NULL,NULL,NULL,NULL,NULL,NULL,NULL,NULL,NULL,15,21,0,6,NULL,"2025-06-05 22:14:18.728625"
"0042400401","1610612760","Thunder",77,NULL,NULL,NULL,NULL,NULL,NULL,NULL,NULL,NULL,NULL,NULL,NULL,11,5,12,4,NULL,"2025-06-05 22:14:49.043491"
"0042400401","1610612754","Pacers",66,NULL,NULL,NULL,NULL,NULL,NULL,NULL,NULL,NULL,NULL,NULL,NULL,15,21,0,6,NULL,"2025-06-05 22:14:49.043491"
"0042400401","1610612760","Thunder",77,NULL,NULL,NULL,NULL,NULL,NULL,NULL,NULL,NULL,NULL,NULL,NULL,11,5,12,4,NULL,"2025-06-05 22:15:19.355172"
"0042400401","1610612754","Pacers",66,NULL,NULL,NULL,NULL,NULL,NULL,NULL,NULL,NULL,NULL,NULL,NULL,15,21,0,6,NULL,"2025-06-05 22:15:19.355172"
"0042400401","1610612760","Thunder",77,NULL,NULL,NULL,NULL,NULL,NULL,NULL,NULL,NULL,NULL,NULL,NULL,11,5,12,4,NULL,"2025-06-05 22:15:49.718989"
"0042400401","1610612754","Pacers",66,NULL,NULL,NULL,NULL,NULL,NULL,NULL,NULL,NULL,NULL,NULL,NULL,15,21,0,6,NULL,"2025-06-05 22:15:49.718989"
"0042400401","1610612760","Thunder",77,NULL,NULL,NULL,NULL,NULL,NULL,NULL,NULL,NULL,NULL,NULL,NULL,11,5,12,4,NULL,"2025-06-05 22:16:20.073638"
"0042400401","1610612754","Pacers",66,NULL,NULL,NULL,NULL,NULL,NULL,NULL,NULL,NULL,NULL,NULL,NULL,15,21,0,6,NULL,"2025-06-05 22:16:20.073638"
"0042400401","1610612760","Thunder",77,NULL,NULL,NULL,NULL,NULL,NULL,NULL,NULL,NULL,NULL,NULL,NULL,11,5,12,5,NULL,"2025-06-05 22:16:50.573262"
"0042400401","1610612754","Pacers",66,NULL,NULL,NULL,NULL,NULL,NULL,NULL,NULL,NULL,NULL,NULL,NULL,15,21,0,6,NULL,"2025-06-05 22:16:50.573262"
"0042400401","1610612760","Thunder",79,NULL,NULL,NULL,NULL,NULL,NULL,NULL,NULL,NULL,NULL,NULL,NULL,11,5,12,5,NULL,"2025-06-05 22:17:20.924855"
"0042400401","1610612754","Pacers",68,NULL,NULL,NULL,NULL,NULL,NULL,NULL,NULL,NULL,NULL,NULL,NULL,16,21,0,6,NULL,"2025-06-05 22:17:20.924855"
"0042400401","1610612760","Thunder",79,NULL,NULL,NULL,NULL,NULL,NULL,NULL,NULL,NULL,NULL,NULL,NULL,11,5,12,5,NULL,"2025-06-05 22:17:51.214539"
"0042400401","1610612754","Pacers",68,NULL,NULL,NULL,NULL,NULL,NULL,NULL,NULL,NULL,NULL,NULL,NULL,16,21,0,6,NULL,"2025-06-05 22:17:51.214539"
"0042400401","1610612760","Thunder",79,NULL,NULL,NULL,NULL,NULL,NULL,NULL,NULL,NULL,NULL,NULL,NULL,11,5,12,5,NULL,"2025-06-05 22:18:21.623656"
"0042400401","1610612754","Pacers",68,NULL,NULL,NULL,NULL,NULL,NULL,NULL,NULL,NULL,NULL,NULL,NULL,16,21,0,6,NULL,"2025-06-05 22:18:21.623656"
"0042400401","1610612760","Thunder",79,NULL,NULL,NULL,NULL,NULL,NULL,NULL,NULL,NULL,NULL,NULL,NULL,11,5,12,5,NULL,"2025-06-05 22:18:51.930187"
"0042400401","1610612754","Pacers",68,NULL,NULL,NULL,NULL,NULL,NULL,NULL,NULL,NULL,NULL,NULL,NULL,16,21,0,6,NULL,"2025-06-05 22:18:51.930187"
"0042400401","1610612760","Thunder",79,NULL,NULL,NULL,NULL,NULL,NULL,NULL,NULL,NULL,NULL,NULL,NULL,11,5,12,5,NULL,"2025-06-05 22:19:22.30108"
"0042400401","1610612754","Pacers",68,NULL,NULL,NULL,NULL,NULL,NULL,NULL,NULL,NULL,NULL,NULL,NULL,16,21,0,6,NULL,"2025-06-05 22:19:22.30108"
"0042400401","1610612760","Thunder",79,NULL,NULL,NULL,NULL,NULL,NULL,NULL,NULL,NULL,NULL,NULL,NULL,11,5,12,5,NULL,"2025-06-05 22:19:52.822843"
"0042400401","1610612754","Pacers",68,NULL,NULL,NULL,NULL,NULL,NULL,NULL,NULL,NULL,NULL,NULL,NULL,16,21,0,6,NULL,"2025-06-05 22:19:52.822843"
"0042400401","1610612760","Thunder",79,NULL,NULL,NULL,NULL,NULL,NULL,NULL,NULL,NULL,NULL,NULL,NULL,11,5,12,5,NULL,"2025-06-05 22:20:23.115768"
"0042400401","1610612754","Pacers",68,NULL,NULL,NULL,NULL,NULL,NULL,NULL,NULL,NULL,NULL,NULL,NULL,16,21,0,6,NULL,"2025-06-05 22:20:23.115768"
"0042400401","1610612760","Thunder",79,NULL,NULL,NULL,NULL,NULL,NULL,NULL,NULL,NULL,NULL,NULL,NULL,11,5,12,5,NULL,"2025-06-05 22:20:53.465133"
"0042400401","1610612754","Pacers",68,NULL,NULL,NULL,NULL,NULL,NULL,NULL,NULL,NULL,NULL,NULL,NULL,16,21,0,6,NULL,"2025-06-05 22:20:53.465133"
"0042400401","1610612760","Thunder",79,NULL,NULL,NULL,NULL,NULL,NULL,NULL,NULL,NULL,NULL,NULL,NULL,11,5,12,5,NULL,"2025-06-05 22:21:23.774698"
"0042400401","1610612754","Pacers",69,NULL,NULL,NULL,NULL,NULL,NULL,NULL,NULL,NULL,NULL,NULL,NULL,16,21,0,6,NULL,"2025-06-05 22:21:23.774698"
"0042400401","1610612760","Thunder",82,NULL,NULL,NULL,NULL,NULL,NULL,NULL,NULL,NULL,NULL,NULL,NULL,12,5,12,5,NULL,"2025-06-05 22:21:54.073349"
"0042400401","1610612754","Pacers",70,NULL,NULL,NULL,NULL,NULL,NULL,NULL,NULL,NULL,NULL,NULL,NULL,16,21,0,6,NULL,"2025-06-05 22:21:54.073349"
"0042400401","1610612760","Thunder",82,NULL,NULL,NULL,NULL,NULL,NULL,NULL,NULL,NULL,NULL,NULL,NULL,12,5,12,5,NULL,"2025-06-05 22:22:24.481229"
"0042400401","1610612754","Pacers",73,NULL,NULL,NULL,NULL,NULL,NULL,NULL,NULL,NULL,NULL,NULL,NULL,17,21,0,6,NULL,"2025-06-05 22:22:24.481229"
"0042400401","1610612760","Thunder",82,NULL,NULL,NULL,NULL,NULL,NULL,NULL,NULL,NULL,NULL,NULL,NULL,12,5,12,5,NULL,"2025-06-05 22:22:54.819803"
"0042400401","1610612754","Pacers",73,NULL,NULL,NULL,NULL,NULL,NULL,NULL,NULL,NULL,NULL,NULL,NULL,17,21,0,6,NULL,"2025-06-05 22:22:54.819803"
"0042400401","1610612760","Thunder",85,NULL,NULL,NULL,NULL,NULL,NULL,NULL,NULL,NULL,NULL,NULL,NULL,12,5,12,5,NULL,"2025-06-05 22:23:25.141497"
"0042400401","1610612754","Pacers",76,NULL,NULL,NULL,NULL,NULL,NULL,NULL,NULL,NULL,NULL,NULL,NULL,18,21,0,6,NULL,"2025-06-05 22:23:25.141497"
"0042400401","1610612760","Thunder",85,NULL,NULL,NULL,NULL,NULL,NULL,NULL,NULL,NULL,NULL,NULL,NULL,12,5,12,5,NULL,"2025-06-05 22:23:55.462855"
"0042400401","1610612754","Pacers",76,NULL,NULL,NULL,NULL,NULL,NULL,NULL,NULL,NULL,NULL,NULL,NULL,18,21,0,6,NULL,"2025-06-05 22:23:55.462855"
"0042400401","1610612760","Thunder",85,NULL,NULL,NULL,NULL,NULL,NULL,NULL,NULL,NULL,NULL,NULL,NULL,12,5,12,5,NULL,"2025-06-05 22:24:25.779886"
"0042400401","1610612754","Pacers",76,NULL,NULL,NULL,NULL,NULL,NULL,NULL,NULL,NULL,NULL,NULL,NULL,18,21,0,6,NULL,"2025-06-05 22:24:25.779886"
"0042400401","1610612760","Thunder",85,NULL,NULL,NULL,NULL,NULL,NULL,NULL,NULL,NULL,NULL,NULL,NULL,12,5,12,5,NULL,"2025-06-05 22:24:56.051713"
"0042400401","1610612754","Pacers",76,NULL,NULL,NULL,NULL,NULL,NULL,NULL,NULL,NULL,NULL,NULL,NULL,18,21,0,6,NULL,"2025-06-05 22:24:56.051713"
"0042400401","1610612760","Thunder",85,NULL,NULL,NULL,NULL,NULL,NULL,NULL,NULL,NULL,NULL,NULL,NULL,12,5,12,5,NULL,"2025-06-05 22:25:26.514101"
"0042400401","1610612754","Pacers",76,NULL,NULL,NULL,NULL,NULL,NULL,NULL,NULL,NULL,NULL,NULL,NULL,18,21,0,6,NULL,"2025-06-05 22:25:26.514101"
"0042400401","1610612760","Thunder",85,NULL,NULL,NULL,NULL,NULL,NULL,NULL,NULL,NULL,NULL,NULL,NULL,12,5,12,5,NULL,"2025-06-05 22:25:56.805173"
"0042400401","1610612754","Pacers",76,NULL,NULL,NULL,NULL,NULL,NULL,NULL,NULL,NULL,NULL,NULL,NULL,18,21,0,6,NULL,"2025-06-05 22:25:56.805173"
"0042400401","1610612760","Thunder",85,NULL,NULL,NULL,NULL,NULL,NULL,NULL,NULL,NULL,NULL,NULL,NULL,12,5,12,5,NULL,"2025-06-05 22:26:27.155885"
"0042400401","1610612754","Pacers",76,NULL,NULL,NULL,NULL,NULL,NULL,NULL,NULL,NULL,NULL,NULL,NULL,18,21,0,6,NULL,"2025-06-05 22:26:27.155885"
"0042400401","1610612760","Thunder",85,NULL,NULL,NULL,NULL,NULL,NULL,NULL,NULL,NULL,NULL,NULL,NULL,12,5,12,5,NULL,"2025-06-05 22:26:57.619415"
"0042400401","1610612754","Pacers",76,NULL,NULL,NULL,NULL,NULL,NULL,NULL,NULL,NULL,NULL,NULL,NULL,18,21,0,6,NULL,"2025-06-05 22:26:57.619415"
"0042400401","1610612760","Thunder",85,NULL,NULL,NULL,NULL,NULL,NULL,NULL,NULL,NULL,NULL,NULL,NULL,12,5,12,5,NULL,"2025-06-05 22:27:27.96158"
"0042400401","1610612754","Pacers",76,NULL,NULL,NULL,NULL,NULL,NULL,NULL,NULL,NULL,NULL,NULL,NULL,18,21,0,6,NULL,"2025-06-05 22:27:27.96158"
"0042400401","1610612760","Thunder",85,NULL,NULL,NULL,NULL,NULL,NULL,NULL,NULL,NULL,NULL,NULL,NULL,12,5,12,5,NULL,"2025-06-05 22:27:58.280832"
"0042400401","1610612754","Pacers",76,NULL,NULL,NULL,NULL,NULL,NULL,NULL,NULL,NULL,NULL,NULL,NULL,18,21,0,6,NULL,"2025-06-05 22:27:58.280832"
"0042400401","1610612760","Thunder",87,NULL,NULL,NULL,NULL,NULL,NULL,NULL,NULL,NULL,NULL,NULL,NULL,12,5,12,5,NULL,"2025-06-05 22:28:28.893798"
"0042400401","1610612754","Pacers",76,NULL,NULL,NULL,NULL,NULL,NULL,NULL,NULL,NULL,NULL,NULL,NULL,18,21,0,6,NULL,"2025-06-05 22:28:28.893798"
"0042400401","1610612760","Thunder",87,NULL,NULL,NULL,NULL,NULL,NULL,NULL,NULL,NULL,NULL,NULL,NULL,12,5,12,5,NULL,"2025-06-05 22:28:59.329095"
"0042400401","1610612754","Pacers",76,NULL,NULL,NULL,NULL,NULL,NULL,NULL,NULL,NULL,NULL,NULL,NULL,18,21,0,6,NULL,"2025-06-05 22:28:59.329095"
"0042400401","1610612760","Thunder",89,NULL,NULL,NULL,NULL,NULL,NULL,NULL,NULL,NULL,NULL,NULL,NULL,12,5,12,5,NULL,"2025-06-05 22:29:30.030948"
"0042400401","1610612754","Pacers",76,NULL,NULL,NULL,NULL,NULL,NULL,NULL,NULL,NULL,NULL,NULL,NULL,18,21,0,6,NULL,"2025-06-05 22:29:30.030948"
"0042400401","1610612760","Thunder",89,NULL,NULL,NULL,NULL,NULL,NULL,NULL,NULL,NULL,NULL,NULL,NULL,12,5,12,5,NULL,"2025-06-05 22:30:00.736061"
"0042400401","1610612754","Pacers",76,NULL,NULL,NULL,NULL,NULL,NULL,NULL,NULL,NULL,NULL,NULL,NULL,18,21,0,6,NULL,"2025-06-05 22:30:00.736061"
"0042400401","1610612760","Thunder",89,NULL,NULL,NULL,NULL,NULL,NULL,NULL,NULL,NULL,NULL,NULL,NULL,12,5,12,5,NULL,"2025-06-05 22:30:31.092066"
"0042400401","1610612754","Pacers",77,NULL,NULL,NULL,NULL,NULL,NULL,NULL,NULL,NULL,NULL,NULL,NULL,18,21,0,6,NULL,"2025-06-05 22:30:31.092066"
"0042400401","1610612760","Thunder",89,NULL,NULL,NULL,NULL,NULL,NULL,NULL,NULL,NULL,NULL,NULL,NULL,12,5,12,5,NULL,"2025-06-05 22:31:01.374085"
"0042400401","1610612754","Pacers",77,NULL,NULL,NULL,NULL,NULL,NULL,NULL,NULL,NULL,NULL,NULL,NULL,18,21,0,6,NULL,"2025-06-05 22:31:01.374085"
"0042400401","1610612760","Thunder",89,NULL,NULL,NULL,NULL,NULL,NULL,NULL,NULL,NULL,NULL,NULL,NULL,12,5,12,5,NULL,"2025-06-05 22:31:31.79888"
"0042400401","1610612754","Pacers",77,NULL,NULL,NULL,NULL,NULL,NULL,NULL,NULL,NULL,NULL,NULL,NULL,18,21,0,6,NULL,"2025-06-05 22:31:31.79888"
"0042400401","1610612760","Thunder",90,NULL,NULL,NULL,NULL,NULL,NULL,NULL,NULL,NULL,NULL,NULL,NULL,12,5,12,5,NULL,"2025-06-05 22:32:02.111664"
"0042400401","1610612754","Pacers",79,NULL,NULL,NULL,NULL,NULL,NULL,NULL,NULL,NULL,NULL,NULL,NULL,18,21,0,6,NULL,"2025-06-05 22:32:02.111664"
"0042400401","1610612760","Thunder",92,NULL,NULL,NULL,NULL,NULL,NULL,NULL,NULL,NULL,NULL,NULL,NULL,12,5,12,5,NULL,"2025-06-05 22:32:32.471584"
"0042400401","1610612754","Pacers",79,NULL,NULL,NULL,NULL,NULL,NULL,NULL,NULL,NULL,NULL,NULL,NULL,18,22,0,6,NULL,"2025-06-05 22:32:32.471584"
"0042400401","1610612760","Thunder",92,NULL,NULL,NULL,NULL,NULL,NULL,NULL,NULL,NULL,NULL,NULL,NULL,12,6,13,5,NULL,"2025-06-05 22:33:02.836175"
"0042400401","1610612754","Pacers",79,NULL,NULL,NULL,NULL,NULL,NULL,NULL,NULL,NULL,NULL,NULL,NULL,18,22,1,6,NULL,"2025-06-05 22:33:02.836175"
"0042400401","1610612760","Thunder",92,NULL,NULL,NULL,NULL,NULL,NULL,NULL,NULL,NULL,NULL,NULL,NULL,12,6,13,5,NULL,"2025-06-05 22:33:33.195202"
"0042400401","1610612754","Pacers",79,NULL,NULL,NULL,NULL,NULL,NULL,NULL,NULL,NULL,NULL,NULL,NULL,18,22,1,6,NULL,"2025-06-05 22:33:33.195202"
"0042400401","1610612760","Thunder",94,NULL,NULL,NULL,NULL,NULL,NULL,NULL,NULL,NULL,NULL,NULL,NULL,12,6,14,5,NULL,"2025-06-05 22:34:03.596674"
"0042400401","1610612754","Pacers",79,NULL,NULL,NULL,NULL,NULL,NULL,NULL,NULL,NULL,NULL,NULL,NULL,18,23,1,6,NULL,"2025-06-05 22:34:03.596674"
"0042400401","1610612760","Thunder",94,NULL,NULL,NULL,NULL,NULL,NULL,NULL,NULL,NULL,NULL,NULL,NULL,12,6,14,5,NULL,"2025-06-05 22:34:34.091747"
"0042400401","1610612754","Pacers",79,NULL,NULL,NULL,NULL,NULL,NULL,NULL,NULL,NULL,NULL,NULL,NULL,18,23,1,6,NULL,"2025-06-05 22:34:34.091747"
"0042400401","1610612760","Thunder",94,NULL,NULL,NULL,NULL,NULL,NULL,NULL,NULL,NULL,NULL,NULL,NULL,12,6,14,5,NULL,"2025-06-05 22:35:04.51047"
"0042400401","1610612754","Pacers",79,NULL,NULL,NULL,NULL,NULL,NULL,NULL,NULL,NULL,NULL,NULL,NULL,18,23,1,6,NULL,"2025-06-05 22:35:04.51047"
"0042400401","1610612760","Thunder",94,NULL,NULL,NULL,NULL,NULL,NULL,NULL,NULL,NULL,NULL,NULL,NULL,12,6,14,5,NULL,"2025-06-05 22:35:34.970213"
"0042400401","1610612754","Pacers",79,NULL,NULL,NULL,NULL,NULL,NULL,NULL,NULL,NULL,NULL,NULL,NULL,18,23,1,6,NULL,"2025-06-05 22:35:34.970213"
"0042400401","1610612760","Thunder",94,NULL,NULL,NULL,NULL,NULL,NULL,NULL,NULL,NULL,NULL,NULL,NULL,12,6,14,5,NULL,"2025-06-05 22:36:05.425971"
"0042400401","1610612754","Pacers",79,NULL,NULL,NULL,NULL,NULL,NULL,NULL,NULL,NULL,NULL,NULL,NULL,18,23,1,6,NULL,"2025-06-05 22:36:05.425971"
"0042400401","1610612760","Thunder",94,NULL,NULL,NULL,NULL,NULL,NULL,NULL,NULL,NULL,NULL,NULL,NULL,12,6,14,5,NULL,"2025-06-05 22:36:35.74122"
"0042400401","1610612754","Pacers",79,NULL,NULL,NULL,NULL,NULL,NULL,NULL,NULL,NULL,NULL,NULL,NULL,18,23,1,6,NULL,"2025-06-05 22:36:35.74122"
"0042400401","1610612760","Thunder",94,NULL,NULL,NULL,NULL,NULL,NULL,NULL,NULL,NULL,NULL,NULL,NULL,12,6,14,5,NULL,"2025-06-05 22:37:06.04622"
"0042400401","1610612754","Pacers",79,NULL,NULL,NULL,NULL,NULL,NULL,NULL,NULL,NULL,NULL,NULL,NULL,18,23,1,6,NULL,"2025-06-05 22:37:06.04622"
"0042400401","1610612760","Thunder",94,NULL,NULL,NULL,NULL,NULL,NULL,NULL,NULL,NULL,NULL,NULL,NULL,12,6,14,5,NULL,"2025-06-05 22:37:36.480169"
"0042400401","1610612754","Pacers",79,NULL,NULL,NULL,NULL,NULL,NULL,NULL,NULL,NULL,NULL,NULL,NULL,18,23,1,6,NULL,"2025-06-05 22:37:36.480169"
"0042400401","1610612760","Thunder",94,NULL,NULL,NULL,NULL,NULL,NULL,NULL,NULL,NULL,NULL,NULL,NULL,12,6,14,5,NULL,"2025-06-05 22:38:06.908779"
"0042400401","1610612754","Pacers",81,NULL,NULL,NULL,NULL,NULL,NULL,NULL,NULL,NULL,NULL,NULL,NULL,18,23,1,6,NULL,"2025-06-05 22:38:06.908779"
"0042400401","1610612760","Thunder",94,NULL,NULL,NULL,NULL,NULL,NULL,NULL,NULL,NULL,NULL,NULL,NULL,12,6,14,5,NULL,"2025-06-05 22:38:37.363918"
"0042400401","1610612754","Pacers",82,NULL,NULL,NULL,NULL,NULL,NULL,NULL,NULL,NULL,NULL,NULL,NULL,18,23,1,6,NULL,"2025-06-05 22:38:37.363918"
"0042400401","1610612760","Thunder",96,NULL,NULL,NULL,NULL,NULL,NULL,NULL,NULL,NULL,NULL,NULL,NULL,12,6,14,5,NULL,"2025-06-05 22:39:07.771236"
"0042400401","1610612754","Pacers",82,NULL,NULL,NULL,NULL,NULL,NULL,NULL,NULL,NULL,NULL,NULL,NULL,18,23,1,6,NULL,"2025-06-05 22:39:07.771236"
"0042400401","1610612760","Thunder",96,NULL,NULL,NULL,NULL,NULL,NULL,NULL,NULL,NULL,NULL,NULL,NULL,12,6,14,5,NULL,"2025-06-05 22:39:38.245638"
"0042400401","1610612754","Pacers",82,NULL,NULL,NULL,NULL,NULL,NULL,NULL,NULL,NULL,NULL,NULL,NULL,18,23,1,6,NULL,"2025-06-05 22:39:38.245638"
"0042400401","1610612760","Thunder",96,NULL,NULL,NULL,NULL,NULL,NULL,NULL,NULL,NULL,NULL,NULL,NULL,12,6,14,5,NULL,"2025-06-05 22:40:08.706948"
"0042400401","1610612754","Pacers",85,NULL,NULL,NULL,NULL,NULL,NULL,NULL,NULL,NULL,NULL,NULL,NULL,19,23,1,6,NULL,"2025-06-05 22:40:08.706948"
"0042400401","1610612760","Thunder",96,NULL,NULL,NULL,NULL,NULL,NULL,NULL,NULL,NULL,NULL,NULL,NULL,12,6,14,6,NULL,"2025-06-05 22:40:39.096827"
"0042400401","1610612754","Pacers",85,NULL,NULL,NULL,NULL,NULL,NULL,NULL,NULL,NULL,NULL,NULL,NULL,19,23,1,6,NULL,"2025-06-05 22:40:39.096827"
"0042400401","1610612760","Thunder",96,NULL,NULL,NULL,NULL,NULL,NULL,NULL,NULL,NULL,NULL,NULL,NULL,12,6,14,6,NULL,"2025-06-05 22:41:09.67359"
"0042400401","1610612754","Pacers",88,NULL,NULL,NULL,NULL,NULL,NULL,NULL,NULL,NULL,NULL,NULL,NULL,20,23,1,6,NULL,"2025-06-05 22:41:09.67359"
"0042400401","1610612760","Thunder",96,NULL,NULL,NULL,NULL,NULL,NULL,NULL,NULL,NULL,NULL,NULL,NULL,12,6,14,5,NULL,"2025-06-05 22:41:40.021338"
"0042400401","1610612754","Pacers",88,NULL,NULL,NULL,NULL,NULL,NULL,NULL,NULL,NULL,NULL,NULL,NULL,20,23,1,6,NULL,"2025-06-05 22:41:40.021338"
"0042400401","1610612760","Thunder",96,NULL,NULL,NULL,NULL,NULL,NULL,NULL,NULL,NULL,NULL,NULL,NULL,12,6,14,5,NULL,"2025-06-05 22:42:10.382035"
"0042400401","1610612754","Pacers",88,NULL,NULL,NULL,NULL,NULL,NULL,NULL,NULL,NULL,NULL,NULL,NULL,20,23,1,6,NULL,"2025-06-05 22:42:10.382035"
"0042400401","1610612760","Thunder",96,NULL,NULL,NULL,NULL,NULL,NULL,NULL,NULL,NULL,NULL,NULL,NULL,12,6,14,5,NULL,"2025-06-05 22:42:40.741047"
"0042400401","1610612754","Pacers",88,NULL,NULL,NULL,NULL,NULL,NULL,NULL,NULL,NULL,NULL,NULL,NULL,20,23,1,6,NULL,"2025-06-05 22:42:40.741047"
"0042400401","1610612760","Thunder",96,NULL,NULL,NULL,NULL,NULL,NULL,NULL,NULL,NULL,NULL,NULL,NULL,12,6,14,5,NULL,"2025-06-05 22:43:11.112087"
"0042400401","1610612754","Pacers",88,NULL,NULL,NULL,NULL,NULL,NULL,NULL,NULL,NULL,NULL,NULL,NULL,20,23,1,6,NULL,"2025-06-05 22:43:11.112087"
"0042400401","1610612760","Thunder",96,NULL,NULL,NULL,NULL,NULL,NULL,NULL,NULL,NULL,NULL,NULL,NULL,12,6,14,5,NULL,"2025-06-05 22:43:41.463093"
"0042400401","1610612754","Pacers",88,NULL,NULL,NULL,NULL,NULL,NULL,NULL,NULL,NULL,NULL,NULL,NULL,20,23,1,6,NULL,"2025-06-05 22:43:41.463093"
"0042400401","1610612760","Thunder",96,NULL,NULL,NULL,NULL,NULL,NULL,NULL,NULL,NULL,NULL,NULL,NULL,12,6,14,5,NULL,"2025-06-05 22:44:11.779"
"0042400401","1610612754","Pacers",88,NULL,NULL,NULL,NULL,NULL,NULL,NULL,NULL,NULL,NULL,NULL,NULL,20,23,1,6,NULL,"2025-06-05 22:44:11.779"
"0042400401","1610612760","Thunder",96,NULL,NULL,NULL,NULL,NULL,NULL,NULL,NULL,NULL,NULL,NULL,NULL,12,6,14,5,NULL,"2025-06-05 22:44:42.144945"
"0042400401","1610612754","Pacers",88,NULL,NULL,NULL,NULL,NULL,NULL,NULL,NULL,NULL,NULL,NULL,NULL,20,23,1,6,NULL,"2025-06-05 22:44:42.144945"
"0042400401","1610612760","Thunder",98,NULL,NULL,NULL,NULL,NULL,NULL,NULL,NULL,NULL,NULL,NULL,NULL,13,6,14,5,NULL,"2025-06-05 22:45:12.610089"
"0042400401","1610612754","Pacers",88,NULL,NULL,NULL,NULL,NULL,NULL,NULL,NULL,NULL,NULL,NULL,NULL,20,23,1,6,NULL,"2025-06-05 22:45:12.610089"
"0042400401","1610612760","Thunder",98,NULL,NULL,NULL,NULL,NULL,NULL,NULL,NULL,NULL,NULL,NULL,NULL,13,6,14,5,NULL,"2025-06-05 22:45:47.051121"
"0042400401","1610612754","Pacers",88,NULL,NULL,NULL,NULL,NULL,NULL,NULL,NULL,NULL,NULL,NULL,NULL,20,24,1,6,NULL,"2025-06-05 22:45:47.051121"
"0042400401","1610612760","Thunder",98,NULL,NULL,NULL,NULL,NULL,NULL,NULL,NULL,NULL,NULL,NULL,NULL,13,6,14,5,NULL,"2025-06-05 22:46:18.041707"
"0042400401","1610612754","Pacers",91,NULL,NULL,NULL,NULL,NULL,NULL,NULL,NULL,NULL,NULL,NULL,NULL,21,24,1,6,NULL,"2025-06-05 22:46:18.041707"
"0042400401","1610612760","Thunder",98,NULL,NULL,NULL,NULL,NULL,NULL,NULL,NULL,NULL,NULL,NULL,NULL,13,6,14,5,NULL,"2025-06-05 22:46:49.554348"
"0042400401","1610612754","Pacers",91,NULL,NULL,NULL,NULL,NULL,NULL,NULL,NULL,NULL,NULL,NULL,NULL,21,24,1,6,NULL,"2025-06-05 22:46:49.554348"
"0042400401","1610612760","Thunder",98,NULL,NULL,NULL,NULL,NULL,NULL,NULL,NULL,NULL,NULL,NULL,NULL,13,6,14,5,NULL,"2025-06-05 22:47:19.972005"
"0042400401","1610612754","Pacers",94,NULL,NULL,NULL,NULL,NULL,NULL,NULL,NULL,NULL,NULL,NULL,NULL,22,24,1,6,NULL,"2025-06-05 22:47:19.972005"
"0042400401","1610612760","Thunder",99,NULL,NULL,NULL,NULL,NULL,NULL,NULL,NULL,NULL,NULL,NULL,NULL,13,6,14,5,NULL,"2025-06-05 22:47:50.680889"
"0042400401","1610612754","Pacers",94,NULL,NULL,NULL,NULL,NULL,NULL,NULL,NULL,NULL,NULL,NULL,NULL,22,24,1,6,NULL,"2025-06-05 22:47:50.680889"
"0042400401","1610612760","Thunder",100,NULL,NULL,NULL,NULL,NULL,NULL,NULL,NULL,NULL,NULL,NULL,NULL,13,6,14,5,NULL,"2025-06-05 22:48:21.54629"
"0042400401","1610612754","Pacers",94,NULL,NULL,NULL,NULL,NULL,NULL,NULL,NULL,NULL,NULL,NULL,NULL,22,24,1,6,NULL,"2025-06-05 22:48:21.54629"
"0042400401","1610612760","Thunder",100,NULL,NULL,NULL,NULL,NULL,NULL,NULL,NULL,NULL,NULL,NULL,NULL,13,6,14,5,NULL,"2025-06-05 22:48:52.146556"
"0042400401","1610612754","Pacers",96,NULL,NULL,NULL,NULL,NULL,NULL,NULL,NULL,NULL,NULL,NULL,NULL,23,24,1,6,NULL,"2025-06-05 22:48:52.146556"
"0042400401","1610612760","Thunder",101,NULL,NULL,NULL,NULL,NULL,NULL,NULL,NULL,NULL,NULL,NULL,NULL,13,6,14,5,NULL,"2025-06-05 22:49:22.737096"
"0042400401","1610612754","Pacers",96,NULL,NULL,NULL,NULL,NULL,NULL,NULL,NULL,NULL,NULL,NULL,NULL,23,24,1,6,NULL,"2025-06-05 22:49:22.737096"
"0042400401","1610612760","Thunder",102,NULL,NULL,NULL,NULL,NULL,NULL,NULL,NULL,NULL,NULL,NULL,NULL,13,6,14,5,NULL,"2025-06-05 22:49:53.141201"
"0042400401","1610612754","Pacers",96,NULL,NULL,NULL,NULL,NULL,NULL,NULL,NULL,NULL,NULL,NULL,NULL,23,24,1,6,NULL,"2025-06-05 22:49:53.141201"
"0042400401","1610612760","Thunder",102,NULL,NULL,NULL,NULL,NULL,NULL,NULL,NULL,NULL,NULL,NULL,NULL,13,6,14,5,NULL,"2025-06-05 22:50:23.584644"
"0042400401","1610612754","Pacers",98,NULL,NULL,NULL,NULL,NULL,NULL,NULL,NULL,NULL,NULL,NULL,NULL,23,24,1,6,NULL,"2025-06-05 22:50:23.584644"
"0042400401","1610612760","Thunder",102,NULL,NULL,NULL,NULL,NULL,NULL,NULL,NULL,NULL,NULL,NULL,NULL,13,6,14,5,NULL,"2025-06-05 22:50:53.895967"
"0042400401","1610612754","Pacers",98,NULL,NULL,NULL,NULL,NULL,NULL,NULL,NULL,NULL,NULL,NULL,NULL,23,24,1,6,NULL,"2025-06-05 22:50:53.895967"
"0042400401","1610612760","Thunder",104,NULL,NULL,NULL,NULL,NULL,NULL,NULL,NULL,NULL,NULL,NULL,NULL,13,6,14,5,NULL,"2025-06-05 22:51:24.27081"
"0042400401","1610612754","Pacers",98,NULL,NULL,NULL,NULL,NULL,NULL,NULL,NULL,NULL,NULL,NULL,NULL,23,24,1,6,NULL,"2025-06-05 22:51:24.27081"
"0042400401","1610612760","Thunder",104,NULL,NULL,NULL,NULL,NULL,NULL,NULL,NULL,NULL,NULL,NULL,NULL,13,6,14,5,NULL,"2025-06-05 22:51:54.59642"
"0042400401","1610612754","Pacers",98,NULL,NULL,NULL,NULL,NULL,NULL,NULL,NULL,NULL,NULL,NULL,NULL,23,24,1,6,NULL,"2025-06-05 22:51:54.59642"
"0042400401","1610612760","Thunder",104,NULL,NULL,NULL,NULL,NULL,NULL,NULL,NULL,NULL,NULL,NULL,NULL,13,6,14,5,NULL,"2025-06-05 22:52:25.116844"
"0042400401","1610612754","Pacers",98,NULL,NULL,NULL,NULL,NULL,NULL,NULL,NULL,NULL,NULL,NULL,NULL,23,24,1,6,NULL,"2025-06-05 22:52:25.116844"
"0042400401","1610612760","Thunder",105,NULL,NULL,NULL,NULL,NULL,NULL,NULL,NULL,NULL,NULL,NULL,NULL,13,6,14,5,NULL,"2025-06-05 22:52:55.593697"
"0042400401","1610612754","Pacers",98,NULL,NULL,NULL,NULL,NULL,NULL,NULL,NULL,NULL,NULL,NULL,NULL,23,24,1,6,NULL,"2025-06-05 22:52:55.593697"
"0042400401","1610612760","Thunder",106,NULL,NULL,NULL,NULL,NULL,NULL,NULL,NULL,NULL,NULL,NULL,NULL,13,6,14,5,NULL,"2025-06-05 22:53:25.988596"
"0042400401","1610612754","Pacers",98,NULL,NULL,NULL,NULL,NULL,NULL,NULL,NULL,NULL,NULL,NULL,NULL,23,24,1,6,NULL,"2025-06-05 22:53:25.988596"
"0042400401","1610612760","Thunder",106,NULL,NULL,NULL,NULL,NULL,NULL,NULL,NULL,NULL,NULL,NULL,NULL,13,6,14,5,NULL,"2025-06-05 22:53:56.382082"
"0042400401","1610612754","Pacers",98,NULL,NULL,NULL,NULL,NULL,NULL,NULL,NULL,NULL,NULL,NULL,NULL,23,24,1,6,NULL,"2025-06-05 22:53:56.382082"
"0042400401","1610612760","Thunder",106,NULL,NULL,NULL,NULL,NULL,NULL,NULL,NULL,NULL,NULL,NULL,NULL,13,6,14,5,NULL,"2025-06-05 22:54:26.746884"
"0042400401","1610612754","Pacers",98,NULL,NULL,NULL,NULL,NULL,NULL,NULL,NULL,NULL,NULL,NULL,NULL,23,24,1,6,NULL,"2025-06-05 22:54:26.746884"
"0042400401","1610612760","Thunder",106,NULL,NULL,NULL,NULL,NULL,NULL,NULL,NULL,NULL,NULL,NULL,NULL,13,6,14,5,NULL,"2025-06-05 22:54:57.074472"
"0042400401","1610612754","Pacers",98,NULL,NULL,NULL,NULL,NULL,NULL,NULL,NULL,NULL,NULL,NULL,NULL,23,24,1,6,NULL,"2025-06-05 22:54:57.074472"
"0042400401","1610612760","Thunder",106,NULL,NULL,NULL,NULL,NULL,NULL,NULL,NULL,NULL,NULL,NULL,NULL,13,6,14,5,NULL,"2025-06-05 22:55:27.410255"
"0042400401","1610612754","Pacers",98,NULL,NULL,NULL,NULL,NULL,NULL,NULL,NULL,NULL,NULL,NULL,NULL,23,24,1,6,NULL,"2025-06-05 22:55:27.410255"
"0042400401","1610612760","Thunder",106,NULL,NULL,NULL,NULL,NULL,NULL,NULL,NULL,NULL,NULL,NULL,NULL,13,6,14,5,NULL,"2025-06-05 22:55:57.772828"
"0042400401","1610612754","Pacers",99,NULL,NULL,NULL,NULL,NULL,NULL,NULL,NULL,NULL,NULL,NULL,NULL,23,24,1,6,NULL,"2025-06-05 22:55:57.772828"
"0042400401","1610612760","Thunder",106,NULL,NULL,NULL,NULL,NULL,NULL,NULL,NULL,NULL,NULL,NULL,NULL,13,6,14,5,NULL,"2025-06-05 22:56:28.075215"
"0042400401","1610612754","Pacers",99,NULL,NULL,NULL,NULL,NULL,NULL,NULL,NULL,NULL,NULL,NULL,NULL,23,24,1,6,NULL,"2025-06-05 22:56:28.075215"
"0042400401","1610612760","Thunder",108,NULL,NULL,NULL,NULL,NULL,NULL,NULL,NULL,NULL,NULL,NULL,NULL,13,6,14,5,NULL,"2025-06-05 22:56:58.381967"
"0042400401","1610612754","Pacers",99,NULL,NULL,NULL,NULL,NULL,NULL,NULL,NULL,NULL,NULL,NULL,NULL,23,24,1,6,NULL,"2025-06-05 22:56:58.381967"
"0042400401","1610612760","Thunder",108,NULL,NULL,NULL,NULL,NULL,NULL,NULL,NULL,NULL,NULL,NULL,NULL,13,6,14,5,NULL,"2025-06-05 22:57:28.754408"
"0042400401","1610612754","Pacers",102,NULL,NULL,NULL,NULL,NULL,NULL,NULL,NULL,NULL,NULL,NULL,NULL,24,24,1,6,NULL,"2025-06-05 22:57:28.754408"
"0042400401","1610612760","Thunder",108,NULL,NULL,NULL,NULL,NULL,NULL,NULL,NULL,NULL,NULL,NULL,NULL,13,6,14,5,NULL,"2025-06-05 22:57:59.1113"
"0042400401","1610612754","Pacers",105,NULL,NULL,NULL,NULL,NULL,NULL,NULL,NULL,NULL,NULL,NULL,NULL,24,24,1,6,NULL,"2025-06-05 22:57:59.1113"
"0042400401","1610612760","Thunder",110,NULL,NULL,NULL,NULL,NULL,NULL,NULL,NULL,NULL,NULL,NULL,NULL,13,6,14,6,NULL,"2025-06-05 22:58:29.445372"
"0042400401","1610612754","Pacers",105,NULL,NULL,NULL,NULL,NULL,NULL,NULL,NULL,NULL,NULL,NULL,NULL,24,24,1,6,NULL,"2025-06-05 22:58:29.445372"
"0042400401","1610612760","Thunder",110,NULL,NULL,NULL,NULL,NULL,NULL,NULL,NULL,NULL,NULL,NULL,NULL,13,6,14,6,NULL,"2025-06-05 22:58:59.803602"
"0042400401","1610612754","Pacers",105,NULL,NULL,NULL,NULL,NULL,NULL,NULL,NULL,NULL,NULL,NULL,NULL,24,24,1,6,NULL,"2025-06-05 22:58:59.803602"
"0042400401","1610612760","Thunder",110,NULL,NULL,NULL,NULL,NULL,NULL,NULL,NULL,NULL,NULL,NULL,NULL,13,6,14,6,NULL,"2025-06-05 22:59:30.119365"
"0042400401","1610612754","Pacers",107,NULL,NULL,NULL,NULL,NULL,NULL,NULL,NULL,NULL,NULL,NULL,NULL,24,24,1,6,NULL,"2025-06-05 22:59:30.119365"
"0042400401","1610612760","Thunder",110,NULL,NULL,NULL,NULL,NULL,NULL,NULL,NULL,NULL,NULL,NULL,NULL,13,6,14,6,NULL,"2025-06-05 23:00:00.543181"
"0042400401","1610612754","Pacers",109,NULL,NULL,NULL,NULL,NULL,NULL,NULL,NULL,NULL,NULL,NULL,NULL,24,24,1,7,NULL,"2025-06-05 23:00:00.543181"
"0042400401","1610612760","Thunder",110,NULL,NULL,NULL,NULL,NULL,NULL,NULL,NULL,NULL,NULL,NULL,NULL,13,6,14,6,NULL,"2025-06-05 23:00:30.855428"
"0042400401","1610612754","Pacers",109,NULL,NULL,NULL,NULL,NULL,NULL,NULL,NULL,NULL,NULL,NULL,NULL,24,24,1,7,NULL,"2025-06-05 23:00:30.855428"
"0042400401","1610612760","Thunder",110,NULL,NULL,NULL,NULL,NULL,NULL,NULL,NULL,NULL,NULL,NULL,NULL,13,6,14,6,NULL,"2025-06-05 23:01:01.491789"
"0042400401","1610612754","Pacers",109,NULL,NULL,NULL,NULL,NULL,NULL,NULL,NULL,NULL,NULL,NULL,NULL,24,25,1,7,NULL,"2025-06-05 23:01:01.491789"
"0042400401","1610612760","Thunder",110,NULL,NULL,NULL,NULL,NULL,NULL,NULL,NULL,NULL,NULL,NULL,NULL,13,6,14,6,NULL,"2025-06-05 23:01:31.848246"
"0042400401","1610612754","Pacers",109,NULL,NULL,NULL,NULL,NULL,NULL,NULL,NULL,NULL,NULL,NULL,NULL,24,25,1,7,NULL,"2025-06-05 23:01:31.848246"
"0042400401","1610612760","Thunder",110,NULL,NULL,NULL,NULL,NULL,NULL,NULL,NULL,NULL,NULL,NULL,NULL,13,6,14,6,NULL,"2025-06-05 23:02:02.358312"
"0042400401","1610612754","Pacers",109,NULL,NULL,NULL,NULL,NULL,NULL,NULL,NULL,NULL,NULL,NULL,NULL,24,25,1,7,NULL,"2025-06-05 23:02:02.358312"
"0042400401","1610612760","Thunder",110,NULL,NULL,NULL,NULL,NULL,NULL,NULL,NULL,NULL,NULL,NULL,NULL,13,6,14,6,NULL,"2025-06-05 23:02:32.775568"
"0042400401","1610612754","Pacers",109,NULL,NULL,NULL,NULL,NULL,NULL,NULL,NULL,NULL,NULL,NULL,NULL,24,25,1,7,NULL,"2025-06-05 23:02:32.775568"
"0042400401","1610612760","Thunder",110,NULL,NULL,NULL,NULL,NULL,NULL,NULL,NULL,NULL,NULL,NULL,NULL,13,6,14,6,NULL,"2025-06-05 23:03:03.049008"
"0042400401","1610612754","Pacers",109,NULL,NULL,NULL,NULL,NULL,NULL,NULL,NULL,NULL,NULL,NULL,NULL,24,25,1,7,NULL,"2025-06-05 23:03:03.049008"
"0042400401","1610612760","Thunder",110,NULL,NULL,NULL,NULL,NULL,NULL,NULL,NULL,NULL,NULL,NULL,NULL,13,6,14,6,NULL,"2025-06-05 23:03:33.388418"
"0042400401","1610612754","Pacers",109,NULL,NULL,NULL,NULL,NULL,NULL,NULL,NULL,NULL,NULL,NULL,NULL,24,25,1,7,NULL,"2025-06-05 23:03:33.388418"
"0042400401","1610612760","Thunder",110,NULL,NULL,NULL,NULL,NULL,NULL,NULL,NULL,NULL,NULL,NULL,NULL,13,6,14,6,NULL,"2025-06-05 23:04:03.768513"
"0042400401","1610612754","Pacers",109,NULL,NULL,NULL,NULL,NULL,NULL,NULL,NULL,NULL,NULL,NULL,NULL,24,24,1,7,NULL,"2025-06-05 23:04:03.768513"
"0042400401","1610612760","Thunder",110,NULL,NULL,NULL,NULL,NULL,NULL,NULL,NULL,NULL,NULL,NULL,NULL,13,6,14,6,NULL,"2025-06-05 23:04:34.094167"
"0042400401","1610612754","Pacers",111,NULL,NULL,NULL,NULL,NULL,NULL,NULL,NULL,NULL,NULL,NULL,NULL,24,24,1,7,NULL,"2025-06-05 23:04:34.094167"
"0042400401","1610612760","Thunder",110,NULL,NULL,NULL,NULL,NULL,NULL,NULL,NULL,NULL,NULL,NULL,NULL,13,6,14,6,NULL,"2025-06-05 23:05:04.579099"
"0042400401","1610612754","Pacers",111,NULL,NULL,NULL,NULL,NULL,NULL,NULL,NULL,NULL,NULL,NULL,NULL,24,24,1,7,NULL,"2025-06-05 23:05:04.579099"
"0042400401","1610612760","Thunder",110,NULL,NULL,NULL,NULL,NULL,NULL,NULL,NULL,NULL,NULL,NULL,NULL,13,6,14,6,NULL,"2025-06-05 23:05:35.015094"
"0042400401","1610612754","Pacers",111,NULL,NULL,NULL,NULL,NULL,NULL,NULL,NULL,NULL,NULL,NULL,NULL,24,24,1,7,NULL,"2025-06-05 23:05:35.015094"
"0042400401","1610612760","Thunder",110,NULL,NULL,NULL,NULL,NULL,NULL,NULL,NULL,NULL,NULL,NULL,NULL,13,6,14,6,NULL,"2025-06-05 23:06:05.317394"
"0042400401","1610612754","Pacers",111,NULL,NULL,NULL,NULL,NULL,NULL,NULL,NULL,NULL,NULL,NULL,NULL,24,24,1,7,NULL,"2025-06-05 23:06:05.317394"
"0042400401","1610612760","Thunder",110,NULL,NULL,NULL,NULL,NULL,NULL,NULL,NULL,NULL,NULL,NULL,NULL,13,6,14,6,NULL,"2025-06-05 23:06:35.674489"
"0042400401","1610612754","Pacers",111,NULL,NULL,NULL,NULL,NULL,NULL,NULL,NULL,NULL,NULL,NULL,NULL,24,24,1,7,NULL,"2025-06-05 23:06:35.674489"
"0042400401","1610612760","Thunder",110,NULL,NULL,NULL,NULL,NULL,NULL,NULL,NULL,NULL,NULL,NULL,NULL,13,6,14,6,NULL,"2025-06-05 23:07:06.138786"
"0042400401","1610612754","Pacers",111,NULL,NULL,NULL,NULL,NULL,NULL,NULL,NULL,NULL,NULL,NULL,NULL,24,24,1,7,NULL,"2025-06-05 23:07:06.138786"
"0042400401","1610612760","Thunder",110,NULL,NULL,NULL,NULL,NULL,NULL,NULL,NULL,NULL,NULL,NULL,NULL,13,6,14,6,NULL,"2025-06-05 23:07:36.49559"
"0042400401","1610612754","Pacers",111,NULL,NULL,NULL,NULL,NULL,NULL,NULL,NULL,NULL,NULL,NULL,NULL,24,24,1,7,NULL,"2025-06-05 23:07:36.49559"
"0042400401","1610612760","Thunder",110,NULL,NULL,NULL,NULL,NULL,NULL,NULL,NULL,NULL,NULL,NULL,NULL,13,6,14,6,NULL,"2025-06-05 23:08:06.843685"
"0042400401","1610612754","Pacers",111,NULL,NULL,NULL,NULL,NULL,NULL,NULL,NULL,NULL,NULL,NULL,NULL,24,24,1,7,NULL,"2025-06-05 23:08:06.843685"
"0042400401","1610612760","Thunder",110,NULL,NULL,NULL,NULL,NULL,NULL,NULL,NULL,NULL,NULL,NULL,NULL,13,6,14,6,NULL,"2025-06-05 23:08:37.177734"
"0042400401","1610612754","Pacers",111,NULL,NULL,NULL,NULL,NULL,NULL,NULL,NULL,NULL,NULL,NULL,NULL,24,24,1,7,NULL,"2025-06-05 23:08:37.177734"
